INSERT INTO CLIENTE(cpf, nome, numTelefone, numTelefone2, email)
VALUES
('695.505.330-44','JOAO DA SILVA','81036982115','81177741491','marizafaustodasilva@gmail.com'),
('334.452.698-42','MARIA OLIVEIRA','81437854608','81527325381','comercialnovaera@gmail.com'),
('951.268.540-56','PEDRO SANTOS','81766196074','81596196074','luanasilvacosta@gmail.com'),
('310.157.710-10','ANA COSTA','81765130726','81595130726','mercadosaojoao@gmail.com'),
('857.548.336-94','CARLOS ALMEIDA','81764535472','81594535472','barerestaurantecabanadosol@gmail.com'),
('988.870.865-97','FERNANDA LIMA','81761301714','81591301714','josimaridaconceicaodossantosaraujo@gmail.com'),
('495.878.861-10','LUIS PEREIRA','81764423206','81594423206','comercialcardoso@gmail.com'),
('468.792.460-65','CLAUDIA RAMOS','81765285311','81595285311','lanchezemonteiro@gmail.com'),
('585.131.801-73','RICARDO MARTINS','81764087372','81594087372','merceariagm@gmail.com'),
('138.494.967-15','JULIANA SOARES','81761482972','81591482972','comercialfamilia@gmail.com'),
('976.606.903-35','GABRIELA CARVALHO','81765443856','81595443856','merceariadaaurea@gmail.com'),
('891.810.508-32','ANDRE MOURA','81765164227','81595164227','miniboxsa@gmail.com'),
('342.795.120-93','ISABELA CASTRO','81765277410','81595277410','panificadoraqueromais@gmail.com'),
('872.466.790-56','MATEUS GONCALVES','81769712346','81599712346','mercantilsaofrancisco@gmail.com'),
('949.309.885-68','LUCAS MENDES','81764647705','81594647705','avistaobompreco@gmail.com'),
('344.232.547-52','ROBERTO PINHEIRO','81768872609','81598872609','comercialalmeida@gmail.com'),
('739.860.868-88','JOAO DA SILVA','81764683440','81594683440','distribuidoragirarapido@gmail.com'),
('981.731.678-61','MARIA OLIVEIRA','81761741592','81591741592','bardoroberto@gmail.com'),
('186.729.791-33','PEDRO SANTOS','81761450831','81591450831','natalianadossantos@gmail.com'),
('479.166.959-59','ANA COSTA','81762301218','81592301218','butecodototo@gmail.com'),
('979.777.739-91','CARLOS ALMEIDA','81765988001','81595988001','panificadoraalvorada@gmail.com'),
('984.919.980-40','FERNANDA LIMA','81761026772','81591026772','geovanteixeiradasilva@gmail.com'),
('995.446.390-23','LUIS PEREIRA','81762324123','81592324123','mercantileconomico@gmail.com'),
('410.406.445-11','CLAUDIA RAMOS','81764087226','81594087226','reuryvariedades@gmail.com'),
('998.676.134-17','RICARDO MARTINS','81761820009','81591820009','comercialsantista@gmail.com'),
('194.425.355-54','JULIANA SOARES','81761375776','81591375776','comercialsanches@gmail.com'),
('399.806.676-39','GABRIELA CARVALHO','81765671340','81595671340','restaurantedozequinha@gmail.com'),
('460.412.212-76','ANDRE MOURA','81761560992','81591560992','adegaprimius@gmail.com'),
('728.222.372-99','ISABELA CASTRO','81761533177','81591533177','manosmagazine@gmail.com'),
('267.615.115-29','MATEUS GONCALVES','81764708398','81594708398','comercialbudi@gmail.com'),
('875.924.530-81','LUCAS MENDES','81764549887','81594549887','verdfrut@gmail.com'),
('736.720.819-26','ROBERTO PINHEIRO','81764218812','81594218812','cmvariedades@gmail.com'),
('450.274.420-72','JOAO DA SILVA','81765856814','81595856814','comercialsaoraimundo@gmail.com'),
('643.298.649-68','MARIA OLIVEIRA','8176022120','8159022120','rodrigopereiradasilva@gmail.com'),
('601.465.940-66','PEDRO SANTOS','81761033272','81591033272','comercialguerreiro@gmail.com'),
('189.951.430-47','ANA COSTA','81763140042','81593140042','araobebidas@gmail.com'),
('123.724.808-10','CARLOS ALMEIDA','81761521091','81591521091','bardopedro@gmail.com'),
('965.511.472-61','FERNANDA LIMA','81761548495','81591548495','churrascodobranco@gmail.com'),
('796.180.201-64','DISTRIBUIDORA 3 IRMAOS','81764202311','81594202311','distribuidora3irmaos@gmail.com'),
('970.260.350-12','LUIS PEREIRA','81761587224','81591587224','carloseduardosousabarros@gmail.com'),
('639.114.398-23','CLAUDIA RAMOS','81761922798','81591922798','comercialromeu@gmail.com'),
('997.369.348-89','RICARDO MARTINS','81765302343','81595302343','construcaoferreira@gmail.com'),
('215.734.128-59','JULIANA SOARES','81761133292','81591133292','bardotrevo@gmail.com'),
('503.592.563-65','GABRIELA CARVALHO','81765136580','81595136580','merceariaalianca@gmail.com'),
('746.857.727-83','ANDRE MOURA','81761486145','81591486145','rrdistribuidora@gmail.com'),
('387.749.411-29','ISABELA CASTRO','81764670578','81594670578','mercadinhokm@gmail.com'),
('478.283.789-12','MATEUS GONCALVES','81764269409','81594269409','jorgevolneiriedel@gmail.com'),
('839.358.478-47','LUCAS MENDES','81764655353','81594655353','lanchepadpimenta@gmail.com'),
('312.625.830-40','ROBERTO PINHEIRO','81762180850','81592180850','panificadoradelicia@gmail.com'),
('480.347.925-31','JOAO DA SILVA','81765443293','81595443293','panificadoradelicia2@gmail.com'),
('443.673.201-37','MARIA OLIVEIRA','81768888888','81598888888','joaodeazevedotrovaoneto@gmail.com'),
('142.570.651-93','PEDRO SANTOS','81761135369','81591135369','supermercadonunes@gmail.com'),
('712.469.228-19','ANA COSTA','81764817252','81594817252','joseraimundodesousapereira@gmail.com'),
('704.873.878-65','CARLOS ALMEIDA','81764818310','81594818310','mercadinhomendes@gmail.com'),
('983.740.981-16','FERNANDA LIMA','8176167983','8159167983','marcosantoniosilva@gmail.com'),
('480.501.413-88','LUIS PEREIRA','8176326136','8159326136','adilsonluizmikulski@gmail.com'),
('906.612.833-65','CLAUDIA RAMOS','81764386175','81594386175','comercialneves@gmail.com'),
('820.979.555-30','RICARDO MARTINS','81761652962','81591652962','jpclube@gmail.com'),
('123.206.731-25','JULIANA SOARES','81765124512','81595124512','bardotulio@gmail.com'),
('437.984.203-45','GABRIELA CARVALHO','81761264344','81591264344','liderconstrucao@gmail.com'),
('940.365.144-97','ANDRE MOURA','81761243428','81591243428','miniboxfilho@gmail.com'),
('944.289.877-82','ISABELA CASTRO','81761595782','81591595782','comercialnilson@gmail.com'),
('755.167.255-83','MATEUS GONCALVES','81760106392','81590106392','pousadapedragrande@gmail.com'),
('560.316.423-42','LUCAS MENDES','81765380738','81595380738','armazemguimaraes@gmail.com'),
('631.790.729-35','ROBERTO PINHEIRO','81762633132','81592633132','telebar@gmail.com'),
('576.248.711-80','JOAO DA SILVA','81762056568','81592056568','merceariajj@gmail.com'),
('252.495.565-50','MARIA OLIVEIRA','81764045313','81594045313','comercialpositivo@gmail.com'),
('859.156.696-34','PEDRO SANTOS','81764430240','81594430240','lanchesbiggela@gmail.com'),
('652.126.788-15','ANA COSTA','81761083252','81591083252','bardajaqueline@gmail.com'),
('245.297.772-82','CARLOS ALMEIDA','81764140226','81594140226','bardocleo@gmail.com'),
('157.181.941-67','FERNANDA LIMA','81766658674','81596658674','reginaldomarianodesouza@gmail.com'),
('810.387.776-60','LUIS PEREIRA','81765261806','81595261806','acouguebompreco@gmail.com'),
('723.264.218-54','CLAUDIA RAMOS','81768184233','81598184233','comercialcolins@gmail.com'),
('350.198.541-51','RICARDO MARTINS','81768058578','81598058578','robertoalvesnogueirajunior@gmail.com'),
('915.828.245-33','Albaniza Franca','8176300794','8159300794','albanizafranca@gmail.com'),
('970.431.281-28','JULIANA SOARES','81764198401','81594198401','oricelioalvesdearaujo@gmail.com'),
('273.461.644-14','GABRIELA CARVALHO','81762148854','81592148854','luisfernandodacunhadeoliveira@gmail.com'),
('938.958.180-93','ANDRE MOURA','81764792845','81594792845','comercialsaopedro@gmail.com'),
('304.821.547-18','ISABELA CASTRO','81765390325','81595390325','brasaobar@gmail.com'),
('399.166.694-65','MATEUS GONCALVES','81767722270','81597722270','emilybarbosadossantos@gmail.com'),
('108.757.774-40','LUCAS MENDES','81768284031','81598284031','severinodoramoshenriquedasilva@gmail.com'),
('969.420.472-76','ROBERTO PINHEIRO','81768219877','81598219877','marialuciafdemorais@gmail.com'),
('954.989.586-63','JOAO DA SILVA','81767363354','81597363354','comercialjferreira@gmail.com'),
('140.219.848-66','MARIA OLIVEIRA','81765213850','81595213850','edubebidas@gmail.com'),
('566.333.951-50','PEDRO SANTOS','81768218905','81598218905','auriemersondejesusfariasdossantos@gmail.com'),
('279.134.493-74','ANA COSTA','81761187232','81591187232','comercialprimo@gmail.com'),
('218.794.293-20','CARLOS ALMEIDA','81761093839','81591093839','rafaelsouzaoliveira@gmail.com'),
('922.932.660-14','FERNANDA LIMA','81763314152','81593314152','distribuidoragelaguela@gmail.com'),
('560.391.998-28','LUIS PEREIRA','81765026585','81595026585','nazielcostafranco@gmail.com'),
('560.361.446-72','CLAUDIA RAMOS','81762520129','81592520129','camilelimaviana@gmail.com'),
('485.541.399-46','RICARDO MARTINS','81761091309','81591091309','merceariasales@gmail.com'),
('949.146.472-48','JULIANA SOARES','81764405060','81594405060','distribuidorarp@gmail.com'),
('147.918.320-93','GABRIELA CARVALHO','8176938072','8159938072','arturkirshnickjunior@gmail.com'),
('744.746.486-69','ANDRE MOURA','8176364476','8159364476','soniamariakliver@gmail.com'),
('194.208.732-34','ISABELA CASTRO','81764895451','81594895451','silvanetemotalimanogueira@gmail.com'),
('682.151.482-12','MATEUS GONCALVES','81764768807','81594768807','kevenllyferreiracarvalho@gmail.com'),
('905.697.748-95','LUCAS MENDES','81764121664','81594121664','bardoedvan@gmail.com'),
('311.273.521-43','ROBERTO PINHEIRO','81764904003','81594904003','comercialjn@gmail.com'),
('933.275.712-58','JOAO DA SILVA','81769025519','81599025519','olivanbatistadesousa@gmail.com'),
('988.788.389-98','MARIA OLIVEIRA','81764244484','81594244484','merceariaabreu@gmail.com');

INSERT INTO endereco(cliente_cpf, uf, cidade, bairro, rua, numero, comp, cep)
VALUES
('328.401.275-28','PEDRO SANTOS','ANA COSTA','CARLOS ALMEIDA','FERNANDA LIMA','154','','57302768'),
('461.741.595-21','LUIS PEREIRA','CLAUDIA RAMOS','RICARDO MARTINS','JULIANA SOARES','42','','65700000'),
('197.383.504-48','GABRIELA CARVALHO','ANDRE MOURA','ISABELA CASTRO','MATEUS GONCALVES',NULL,'','65315000'),
('741.927.889-57','LUCAS MENDES','NOVA OLINDA-MA','ROBERTO PINHEIRO','JOAO DA SILVA','1092','','65274000'),
('364.458.888-80','MARIA OLIVEIRA','SITIO NOVO - MA','PEDRO SANTOS','RUA PRINCIPAL KM 12',NULL,'','65925000'),
('693.564.564-57','ANA COSTA','CARLOS ALMEIDA','FERNANDA LIMA','LUIS PEREIRA','32','','68445000'),
('650.296.693-20','CLAUDIA RAMOS','RICARDO MARTINS','JULIANA SOARES','GABRIELA CARVALHO','03','','65390000'),
('153.830.636-85','ANDRE MOURA','ISABELA CASTRO','MATEUS GONCALVES','LUCAS MENDES','35','','65990000'),
('671.796.837-18','ROBERTO PINHEIRO','JOAO DA SILVA','MARIA OLIVEIRA','PEDRO SANTOS',NULL,'','65935000'),
('264.172.681-90','ANA COSTA','CARLOS ALMEIDA','FERNANDA LIMA','LUIS PEREIRA',NULL,'','65935000'),
('829.809.483-25','CLAUDIA RAMOS','RICARDO MARTINS','JULIANA SOARES','GABRIELA CARVALHO',NULL,'','65935000'),
('908.209.958-52','ANDRE MOURA','ISABELA CASTRO','MATEUS GONCALVES','LUCAS MENDES',NULL,'','65923000'),
('258.491.771-10','ROBERTO PINHEIRO','JOAO DA SILVA','MARIA OLIVEIRA','RUA 05',NULL,'','65950000'),
('115.346.344-60','PEDRO SANTOS','ANA COSTA','CARLOS ALMEIDA','FERNANDA LIMA','117','','65395000'),
('891.231.469-95','LUIS PEREIRA','CLAUDIA RAMOS','RICARDO MARTINS','JULIANA SOARES',NULL,'','65964000'),
('787.373.369-45','GABRIELA CARVALHO','ANDRE MOURA','ISABELA CASTRO','MATEUS GONCALVES',NULL,'','65398000'),
('896.393.537-60','LUCAS MENDES','ROBERTO PINHEIRO','JOAO DA SILVA','MARIA OLIVEIRA',NULL,'','65670000'),
('994.675.121-37','PEDRO SANTOS','ANA COSTA','CARLOS ALMEIDA','FERNANDA LIMA',NULL,'','65860000'),
('633.359.479-36','LUIS PEREIRA','CLAUDIA RAMOS','VILA SAO JOSE 2','TRAV 7','28','RICARDO MARTINS','65130000'),
('328.467.650-42','JULIANA SOARES','GABRIELA CARVALHO','ANDRE MOURA','ISABELA CASTRO','61','','65923000'),
('791.311.226-26','MATEUS GONCALVES','LUCAS MENDES','ROBERTO PINHEIRO','RODOVIA PA 140',NULL,'','68790000'),
('894.833.520-50','JOAO DA SILVA','MARIA OLIVEIRA','PEDRO SANTOS','ANA COSTA','31','','65725000'),
('520.980.369-86','CARLOS ALMEIDA','FERNANDA LIMA','LUIS PEREIRA','CLAUDIA RAMOS',NULL,'','65150000'),
('105.174.779-18','RICARDO MARTINS','JULIANA SOARES','GABRIELA CARVALHO','ANDRE MOURA',NULL,'','65763000'),
('312.352.736-86','ISABELA CASTRO','MATEUS GONCALVES','LUCAS MENDES','ROBERTO PINHEIRO','37','','65420000'),
('343.922.466-98','JOAO DA SILVA','PINHEIRO - MA','MARIA OLIVEIRA','RUA 12 DE OUTUBRO','279','','65200000'),
('347.226.445-42','PEDRO SANTOS','ANA COSTA','CARLOS ALMEIDA','FERNANDA LIMA',NULL,'','65220000'),
('874.338.917-57','LUIS PEREIRA','PINHEIRO - MA','CLAUDIA RAMOS','RICARDO MARTINS',NULL,'','65200000'),
('390.858.606-82','JULIANA SOARES','GABRIELA CARVALHO','ANDRE MOURA','ISABELA CASTRO','637','','65980000'),
('788.499.962-82','MATEUS GONCALVES','LUCAS MENDES','ROBERTO PINHEIRO','JOAO DA SILVA',NULL,'','65398000'),
('806.881.483-13','MARIA OLIVEIRA','PEDRO SANTOS','ANA COSTA','CARLOS ALMEIDA',NULL,'','65283000'),
('328.718.905-77','FERNANDA LIMA','LUIS PEREIRA','CLAUDIA RAMOS','RICARDO MARTINS','49','','65683000'),
('976.668.104-55','JULIANA SOARES','SAO BENTO - MA','GABRIELA CARVALHO','ANDRE MOURA','45','','65235000'),
('411.499.586-20','ISABELA CASTRO','MATEUS GONCALVES','LUCAS MENDES','RODOVIA BR 163 KM 942 ME ADT 18 KM',NULL,'','68193000'),
('265.528.624-18','ROBERTO PINHEIRO','JOAO DA SILVA','MARIA OLIVEIRA','PEDRO SANTOS',NULL,'','65393000'),
('197.496.464-47','ANA COSTA','CARLOS ALMEIDA','FERNANDA LIMA','LUIS PEREIRA','7','','65393000'),
('977.828.224-88','CLAUDIA RAMOS','RICARDO MARTINS','JULIANA SOARES','GABRIELA CARVALHO','359','','65860000'),
('937.637.624-61','ANDRE MOURA','ISABELA CASTRO','MATEUS GONCALVES','LUCAS MENDES',NULL,'','65860000'),
('131.818.150-75','ROBERTO PINHEIRO','JOAO DA SILVA','MARIA OLIVEIRA','PEDRO SANTOS',NULL,'','65670000'),
('684.304.218-90','ANA COSTA','CARLOS ALMEIDA','FERNANDA LIMA','LUIS PEREIRA','264','','65940000'),
('217.889.738-35','CLAUDIA RAMOS','RICARDO MARTINS','JULIANA SOARES','GABRIELA CARVALHO',NULL,'','65860000'),
('123.868.833-34','ANDRE MOURA','NOVA OLINDA-MA','ISABELA CASTRO','MATEUS GONCALVES','690','','65274000'),
('698.759.542-12','LUCAS MENDES','ROBERTO PINHEIRO','JOAO DA SILVA','TV 2 DE MAIO',NULL,'','65895000'),
('958.106.943-27','MARIA OLIVEIRA','PEDRO SANTOS','ANA COSTA','CARLOS ALMEIDA',NULL,'','65990000'),
('811.724.629-16','FERNANDA LIMA','LUIS PEREIRA','CLAUDIA RAMOS','RICARDO MARTINS','30','','65950000'),
('907.153.192-94','JULIANA SOARES','GABRIELA CARVALHO','ANDRE MOURA','ISABELA CASTRO',NULL,'','65385000'),
('115.878.352-80','MATEUS GONCALVES','LUCAS MENDES','ROBERTO PINHEIRO','JOAO DA SILVA',NULL,'','65530000'),
('592.341.748-88','MARIA OLIVEIRA','PEDRO SANTOS','ANA COSTA','CARLOS ALMEIDA',NULL,'','65160000'),
('782.696.593-96','FERNANDA LIMA','LUIS PEREIRA','CLAUDIA RAMOS','RICARDO MARTINS','743','','68700000'),
('202.771.202-11','JULIANA SOARES','GABRIELA CARVALHO','ANDRE MOURA','ISABELA CASTRO',NULL,'','68700000'),
('419.367.550-28','MATEUS GONCALVES','LUCAS MENDES','ROBERTO PINHEIRO','JOAO DA SILVA','5','','65000000'),
('211.786.718-83','MARIA OLIVEIRA','PEDRO SANTOS','ANA COSTA','CARLOS ALMEIDA',NULL,'','65800000'),
('594.356.353-23','FERNANDA LIMA','LUIS PEREIRA','CLAUDIA RAMOS','AVENIDA 1 DE MAIO','1093','','65670000'),
('412.985.344-62','RICARDO MARTINS','JULIANA SOARES','GABRIELA CARVALHO','ANDRE MOURA',NULL,'','65670000'),
('863.115.636-57','ISABELA CASTRO','MATEUS GONCALVES','LUCAS MENDES','ROBERTO PINHEIRO',NULL,'','65145000'),
('510.974.588-32','JOAO DA SILVA','SITIO NOVO - MA','MARIA OLIVEIRA','PEDRO SANTOS',NULL,'','65925000'),
('666.472.487-36','ANA COSTA','CARLOS ALMEIDA','FERNANDA LIMA','LUIS PEREIRA','01','','65365000'),
('879.312.296-13','CLAUDIA RAMOS','RICARDO MARTINS','JULIANA SOARES','GABRIELA CARVALHO',NULL,'','65948000'),
('496.486.355-69','ANDRE MOURA','ISABELA CASTRO','MATEUS GONCALVES','LUCAS MENDES',NULL,'','65962000'),
('450.116.651-92','ROBERTO PINHEIRO','JOAO DA SILVA','MARIA OLIVEIRA','ROD BR 222','30','','65430000'),
('736.775.330-90','PEDRO SANTOS','ANA COSTA','CARLOS ALMEIDA','FERNANDA LIMA','565','','65430000'),
('940.724.633-25','LUIS PEREIRA','CLAUDIA RAMOS','RICARDO MARTINS','JULIANA SOARES','17','','65450000'),
('456.670.747-23','GABRIELA CARVALHO','ANDRE MOURA','ISABELA CASTRO','RODOVIA MA 402 KM2',NULL,'','65160000'),
('876.206.566-58','MATEUS GONCALVES','LUCAS MENDES','ROBERTO PINHEIRO','JOAO DA SILVA','10','','65990000'),
('489.554.895-24','MARIA OLIVEIRA','PEDRO SANTOS','ANA COSTA','CARLOS ALMEIDA',NULL,'','65895000'),
('143.507.570-84','FERNANDA LIMA','LUIS PEREIRA','CLAUDIA RAMOS','RICARDO MARTINS','474','','65940000'),
('952.272.206-22','JULIANA SOARES','GABRIELA CARVALHO','ANDRE MOURA','ISABELA CASTRO',NULL,'','65888000'),
('468.169.996-27','MATEUS GONCALVES','LUCAS MENDES','ROBERTO PINHEIRO','JOAO DA SILVA','4025','','65150000'),
('590.211.659-29','MARIA OLIVEIRA','PEDRO SANTOS','ANA COSTA','CARLOS ALMEIDA',NULL,'','65860000'),
('350.591.446-47','FERNANDA LIMA','LUIS PEREIRA','CLAUDIA RAMOS','RICARDO MARTINS',NULL,'','65948000'),
('957.112.811-66','JULIANA SOARES','GABRIELA CARVALHO','ANDRE MOURA','ISABELA CASTRO','0','','68515000'),
('178.677.412-58','MATEUS GONCALVES','LUCAS MENDES','ROBERTO PINHEIRO','JOAO DA SILVA',NULL,'','65962000'),
('596.990.876-52','MARIA OLIVEIRA','PEDRO SANTOS','ANA COSTA','CARLOS ALMEIDA','78','','65145000'),
('713.572.973-41','FERNANDA LIMA','LUIS PEREIRA','CLAUDIA RAMOS','RICARDO MARTINS','2163','','65600010'),
('802.746.133-58','JULIANA SOARES','GABRIELA CARVALHO','ANDRE MOURA','Rua C','1','','67113330'),
('569.582.888-62','ISABELA CASTRO','MATEUS GONCALVES','LUCAS MENDES','RUA 7 DE SETEMBRO','166','','65365000'),
('450.422.332-68','ROBERTO PINHEIRO','JOAO DA SILVA','MARIA OLIVEIRA','PEDRO SANTOS','272','','65706000'),
('242.101.890-36','ANA COSTA','CARLOS ALMEIDA','FERNANDA LIMA','LUIS PEREIRA',NULL,'','65683000'),
('103.916.926-81','CLAUDIA RAMOS','RICARDO MARTINS','JULIANA SOARES','GABRIELA CARVALHO',NULL,'','65683000'),
('801.810.516-97','ANDRE MOURA','ISABELA CASTRO','MATEUS GONCALVES','LUCAS MENDES','847','ROBERTO PINHEIRO','58418000'),
('444.942.537-32','JOAO DA SILVA','MARIA OLIVEIRA','PEDRO SANTOS','ANA COSTA','240','','58213000'),
('283.446.465-26','CARLOS ALMEIDA','FERNANDA LIMA','LUIS PEREIRA','QD 99 LT 12 CS B','12','','64045000'),
('509.886.382-87','CLAUDIA RAMOS','SAO BENTO - MA','RICARDO MARTINS','JULIANA SOARES',NULL,'','65235000'),
('512.646.457-16','GABRIELA CARVALHO','ANDRE MOURA','ISABELA CASTRO','RODOVIA BR 230',NULL,'','65895000'),
('246.510.438-72','MATEUS GONCALVES','PINHEIRO - MA','LUCAS MENDES','ROBERTO PINHEIRO','497','','65200000'),
('692.420.154-82','JOAO DA SILVA','MARIA OLIVEIRA','PEDRO SANTOS','ANA COSTA',NULL,'','65300000'),
('255.989.255-64','CARLOS ALMEIDA','TAILANDIA-PA','FERNANDA LIMA','RUA 06 QUADRA 11 LOTE 42','42','','68695000'),
('720.550.353-62','LUIS PEREIRA','CLAUDIA RAMOS','RICARDO MARTINS','JULIANA SOARES',NULL,'','65962000'),
('459.882.317-73','GABRIELA CARVALHO','ANDRE MOURA','ISABELA CASTRO','MATEUS GONCALVES','99','','65295000'),
('599.719.428-34','LUCAS MENDES','ROBERTO PINHEIRO','JOAO DA SILVA','MARIA OLIVEIRA','5','','65320000'),
('403.607.176-98','PEDRO SANTOS','ANA COSTA','CARLOS ALMEIDA','FERNANDA LIMA','115','','65420000'),
('828.522.731-23','LUIS PEREIRA','CLAUDIA RAMOS','RICARDO MARTINS','JULIANA SOARES',NULL,'','65948000'),
('785.824.375-38','GABRIELA CARVALHO','ANDRE MOURA','ISABELA CASTRO','MATEUS GONCALVES',NULL,'','65620000'),
('966.605.569-15','LUCAS MENDES','ROBERTO PINHEIRO','JOAO DA SILVA','MARIA OLIVEIRA',NULL,'','65525000'),
('830.214.690-47','PEDRO SANTOS','ANA COSTA','CARLOS ALMEIDA','FERNANDA LIMA',NULL,'','65220000'),
('217.372.918-74','LUIS PEREIRA','CLAUDIA RAMOS','RICARDO MARTINS','RUA 28 DE JULHO',NULL,'','65760000'),
('740.305.558-78','JULIANA SOARES','GABRIELA CARVALHO','ANDRE MOURA','ISABELA CASTRO','10','','65948000'),
('876.974.693-18','MATEUS GONCALVES','LUCAS MENDES','ROBERTO PINHEIRO','JOAO DA SILVA',NULL,'','65440000'),
('858.835.477-57','MARIA OLIVEIRA','PEDRO SANTOS','ANA COSTA','RUA BARBOSA QD2',NULL,'','64005355'),
('566.493.447-32','CARLOS ALMEIDA','FERNANDA LIMA','LUIS PEREIRA','CLAUDIA RAMOS','1','','65284000');

INSERT INTO fornecedor(cpf_cnpj, nome, valorFrete, email)
VALUES
('520.598.866-25'    ,'RICARDO MARTINS'                              ,26.24,'gilmaramaralsantos@email.com'                          ),
('986.199.782-19'    ,'JULIANA SOARES'                           , 7.56,'flaviooliveirabarreto@email.com'                       ),
('530.698.521-29'    ,'GABRIELA CARVALHO'                             ,49.81,'fabiojosedossantos@email.com'                          ),
('116231880008-17','ANDRE MOURA'                                ,62.49,'armazemcoralltda@email.com'                            ),
('244.966.689-75'    ,'ISABELA CASTRO'                            , 7.67,'elizandramariavilela@email.com'                        ),
('400.690.514-84'    ,'MATEUS GONCALVES'                                  ,37.91,'diogosousasena@email.com'                              ),
('501.620.932-83'    ,'LUCAS MENDES'            ,66.69,'carlosalbertocruzdeoliveirajunior@email.com'           ),
('437.794.701-10'    ,'ROBERTO PINHEIRO'                             ,41.07,'arthurrochaoliveira@email.com'                         ),
('301.891.313-53'    ,'JOAO DA SILVA'                          , 3.32,'aniltondasilvabarbosa@email.com'                       ),
('417.379.182-45'    ,'MARIA OLIVEIRA'                             ,15.56,'andresantosnogueira@email.com'                         ),
('777.907.356-39'    ,'PEDRO SANTOS'                             ,89.17,'andersonrochasantos@email.com'                         ),
('134.839.702-65'    ,'ANA COSTA'                            ,81.50,'alessandrasilvagomes@email.com'                        ),
('419296600001-29','CARLOS ALMEIDA'            ,75.89,'hiperrealcomercialdealimentosltda@email.com'           ),
('515049950001-69','FERNANDA LIMA'           ,46.75,'atacadistasantoantonioreconcavoltda@email.com'         ),
('815.509.799-50'    ,'LUIS PEREIRA'             ,62.18,'marcosviniciusmelocardosodasilva@email.com'            ),
('171616800001-60','CLAUDIA RAMOS'                          ,88.35,'liguegasguerreiroltda@email.com'                       ),
('387668900001-00','RICARDO MARTINS'                         ,25.24,'supermercadodoguilltda@email.com'                      ),
('134332700002-19','JULIANA SOARES' ,73.22,'dtscomerciodeequipamentosdesegura@email.com'   ),
('499.711.995-92'    ,'GABRIELA CARVALHO'                            ,91.87,'manoelfrancadesales@email.com'                         ),
('122419450001-84','ANDRE MOURA'                    ,95.55,'antonioronaldoraiolpinheiro@email.com'                 ),
('056999490001-45','ISABELA CASTRO'    ,75.83,'associacaodostaxistadesantaizabela@email.com'     ),
('048993160018-66','MATEUS GONCALVES'   ,85.84,'imifarmaprodutosfarmaceuticose@email.com'  ),
('229599240006-67','LUCAS MENDES'                                     ,76.42,'dfarmaltda@email.com'                                  ),
('072024270001-11','ROBERTO PINHEIRO'                               ,11.69,'rchagasecialtda@email.com'                             ),
('314811890001-05','JOAO DA SILVA'                                  ,82.24,'rcbcavalcante@email.com'                               ),
('075104290001-78','MARIA OLIVEIRA'                                       ,11.98,'vlbezerra@email.com'                                   ),
('190071720001-15','PEDRO SANTOS'        ,27.85,'cleitonfernandesdaconceicao@email.com'      ),
('232.208.736-69'    ,'ANA COSTA'                         ,81.40,'weldendossantosantunes@email.com'                      ),
('559.735.667-65'    ,'CARLOS ALMEIDA'                           ,29.54,'amiltondasilvachaves@email.com'                        ),
('299.661.556-98'    ,'FERNANDA LIMA'                          ,80.96,'gloriamariabentesreis@email.com'                       ),
('912.466.156-88'    ,'LUIS PEREIRA'                       ,10.28,'wanderleidoespiritosanto@email.com'                    ),
('804.269.895-87'    ,'CLAUDIA RAMOS'                           ,26.39,'amandaribeirodasilva@email.com'                        ),
('180.921.301-36'    ,'RICARDO MARTINS'                            ,91.71,'elianedacostasantos@email.com'                         ),
('908.858.145-46'    ,'JULIANA SOARES'                    ,51.79,'anavitoriabatistadossantos@email.com'                  ),
('712.328.306-90'    ,'GABRIELA CARVALHO'                                    ,63.03,'tatianaaraujo@email.com'                               ),
('840.697.689-63'    ,'ANDRE MOURA'                          ,45.57,'elianegomesdeoliveira@email.com'                       ),
('519072480001-71','ISABELA CASTRO'                         ,54.67,'marcocleysouzadasilva@email.com'                       ),
('148.226.274-75'    ,'MATEUS GONCALVES'                             ,97.11,'mikaelamarquessilva@email.com'                         ),
('616.494.858-19'    ,'LUCAS MENDES'                ,67.36,'ellengabriellarodriguesdosreis@email.com'              ),
('908.316.119-88'    ,'ROBERTO PINHEIRO'                          ,48.28,'monalizadesouzatobias@email.com'                       ),
('934.341.826-13'    ,'JOAO DA SILVA'                    , 2.03,'liviataianesantosdorosario@email.com'                  ),
('854.305.517-37'    ,'MARIA OLIVEIRA'                              ,84.44,'andreacastrolisboa@email.com'                          ),
('731.304.837-53'    ,'PEDRO SANTOS'                        ,25.17,'mariadaluzdonascimento@email.com'                      ),
('408.959.111-30'    ,'ANA COSTA'                   ,20.71,'ruthrafaelleoliveiradasilva@email.com'                 ),
('747.485.579-37'    ,'CARLOS ALMEIDA'                           ,48.89,'gracinethribeiroramos@email.com'                       ),
('235.926.797-61'    ,'FERNANDA LIMA'                                  ,39.73,'neumadossantos@email.com'                              ),
('759.927.319-40'    ,'LUIS PEREIRA'                        ,68.73,'eunicesilvadonascimento@email.com'                     ),
('772.166.114-19'    ,'CLAUDIA RAMOS'                           ,31.66,'izabelasalemadasilva@email.com'                        ),
('574.353.635-99'    ,'RICARDO MARTINS'                      ,28.69,'higorjosearaujodossantos@email.com'                    ),
('119.818.208-17'    ,'JULIANA SOARES'                        ,18.33,'samaradonascimentosilva@email.com'                     ),
('696.452.566-69'    ,'GABRIELA CARVALHO'                     ,61.93,'joseluciocalandrinibarbosa@email.com'                  ),
('329.125.475-17'    ,'ANDRE MOURA'                   ,58.43,'leiticiadecassiareispantoja@email.com'                 ),
('191.694.723-50'    ,'ISABELA CASTRO'                     ,70.82,'franciscaclaudilenedasilva@email.com'                  ),
('642.625.295-61'    ,'MATEUS GONCALVES'                              , 4.71,'andrezacostacamara@email.com'                          ),
('205.766.799-20'    ,'LUCAS MENDES'                      ,60.87,'leidianebarbosadeoliveira@email.com'                   ),
('363.352.731-60'    ,'ROBERTO PINHEIRO'                          ,73.14,'anaclaradesousasilva@email.com'                        ),
('322.464.987-64'    ,'JOAO DA SILVA'                     ,75.04,'marcelavianadelimamartins@email.com'                   ),
('674.859.143-65'    ,'MARIA OLIVEIRA'                          ,88.07,'leticiaribeirodasilva@email.com'                       ),
('894.217.218-64'    ,'PEDRO SANTOS'                        ,44.79,'alexsandradasilvasantos@email.com'                     ),
('744.405.940-25'    ,'ANA COSTA'                             ,52.31,'jamilledesenasilva@email.com'                          ),
('671.857.836-20'    ,'CARLOS ALMEIDA'                   ,19.49,'franciscaadrianacorreiacosta@email.com'                ),
('123.344.425-15'    ,'FERNANDA LIMA'                          ,22.46,'kelliannydasilvacosta@email.com'                       ),
('142.877.852-67'    ,'LUIS PEREIRA'                            ,23.90,'suelisousadossantos@email.com'                         ),
('260.657.839-84'    ,'CLAUDIA RAMOS'                           ,82.45,'daianelimadeoliveira@email.com'                        ),
('898.504.944-32'    ,'RICARDO MARTINS'                     ,12.88,'ludimylladossantosferreira@email.com'                  ),
('541.505.179-98'    ,'JULIANA SOARES'                     ,52.60,'kessiamarianascimentosousa@email.com'                  ),
('916.779.955-18'    ,'GABRIELA CARVALHO'                     ,32.09,'mariacamilabarbosadasilva@email.com'                   ),
('222213870001-49','ANDRE MOURA'                                ,31.59,'mourasilvaltda@email.com'                              ),
('995.583.993-32'    ,'ISABELA CASTRO'                             ,58.25,'adriellycostacamara@email.com'                         ),
('657.398.172-57'   ,'MATEUS GONCALVES'                             ,82.52,'syrlennecardososousa@email.com'                        ),
('982.539.396-69'    ,'LUCAS MENDES'                   ,98.28,'ericagabrielaoliveiramodesto@email.com'                ),
('250.985.131-15'    ,'ROBERTO PINHEIRO'                                ,16.83,'kauesouzapiranha@email.com'                            ),
('668.305.916-31'    ,'JOAO DA SILVA'                        ,23.70,'edersonjoseramosbezerra@email.com'                     ),
('376.176.702-94'    ,'MARIA OLIVEIRA'                           ,77.55,'vanessacantaodesouza@email.com'                        ),
('406.688.554-39'    ,'PEDRO SANTOS'                          ,61.59,'matheusdasilvaribeiro@email.com'                       ),
('246.414.234-23'    ,'ANA COSTA'                             ,54.48,'beneditolimabotelho@email.com'                         ),
('269.115.639-63'    ,'CARLOS ALMEIDA'                              , 8.18,'rafaelrabelocoelho@email.com'                          ),
('765.782.428-56'    ,'FERNANDA LIMA'                         , 9.79,'igorgabrieluptonsoares@email.com'                      ),
('683.282.514-82'    ,'LUIS PEREIRA'                         ,65.21,'fernandodejesusmarinho@email.com'                      ),
('273.923.787-24'    ,'CLAUDIA RAMOS'                    ,56.30,'alanclaytonbrasildorosario@email.com'                  ),
('240.553.592-63'    ,'RICARDO MARTINS'                   ,83.60,'sheilacristinanovaesdasilva@email.com'                 ),
('321.554.594-60'    ,'JULIANA SOARES'                    ,95.34,'shirleycristianesouzanovaes@email.com'                 ),
('237.407.130-25'    ,'GABRIELA CARVALHO'                            ,82.33,'adrianeraioldacosta@email.com'                         ),
('966.629.261-93'    ,'ANDRE MOURA'                   ,51.34,'luizfernandooliveiradasilva@email.com'                 ),
('546.680.830-54'    ,'ISABELA CASTRO'                             ,62.01,'joselopesdossantos@email.com'                          ),
('671.780.153-72'    ,'MATEUS GONCALVES'                               ,50.76,'rafaellydiassilva@email.com'                           ),
('505.200.898-51'    ,'LUCAS MENDES'                               ,71.44,'alinesilvapereira@email.com'                           ),
('268.922.983-52'    ,'ROBERTO PINHEIRO'                            ,72.90,'dianafreitasdasilva@email.com'                         ),
('256.452.540-78'    ,'JOAO DA SILVA'                               ,26.85,'camilalimafreitas@email.com'                           ),
('640.372.778-75'    ,'MARIA OLIVEIRA'                       ,81.28,'mariaeduardacostaqueiroz@email.com'                    ),
('246.796.701-50'    ,'PEDRO SANTOS'                              ,52.03,'ismaelfreitassousa@email.com'                          ),
('725.578.111-38'    ,'ANA COSTA'                           ,61.45,'lucinetebarrospalavra@email.com'                       ),
('438.832.501-13'    ,'CARLOS ALMEIDA'                      ,57.16,'isabelesantosdonascimento@email.com'                   ),
('405.365.323-76'    ,'FERNANDA LIMA'                           ,51.45,'julianorodriguessilva@email.com'                       ),
('604.722.461-59'    ,'LUIS PEREIRA'                              ,82.26,'ermesonsilvasoares@email.com'                          ),
('354.246.962-24'    ,'CLAUDIA RAMOS'                                    ,35.94,'tatyellebraga@email.com'                               ),
('350.945.737-25'    ,'RICARDO MARTINS'                          , 7.42,'raikkonendarochagomes@email.com'                       ),
('656.418.597-79'    ,'JULIANA SOARES'                       ,89.96,'joaopaulodasilvadelima@email.com'                      ),
('204.930.706-31'    ,'GABRIELA CARVALHO'                               ,81.71,'tailiscardosomota@email.com'                           ),
('894.484.330-23'    ,'ANDRE MOURA'                      ,92.25,'liadossantossousasanches@email.com'                    );

INSERT INTO `petshop`.`Servico` (`nome`, `valorVenda`, `valorCusto`) VALUES
    ('Banho e Tosa - Pequeno Porte', 65.00, 45.00),
    ('Banho e Tosa - Médio Porte', 75.00, 55.00),
    ('Banho e Tosa - Grande Porte', 90.00, 70.00),
    ('Banho - Pequeno Porte', 40.00, 25.00),
    ('Banho - Médio Porte', 50.00, 35.00),
    ('Banho - Grande Porte', 60.00, 45.00),
    ('Tosa - Pequeno Porte', 35.00, 25.00),
    ('Tosa - Médio Porte', 45.00, 30.00),
    ('Tosa - Grande Porte', 55.00, 40.00),
    ('Consultas Veterinárias', 80.00, 60.00),
    ('Exames Laboratoriais', 120.00, 90.00),
    ('Vacinação Anual', 60.00, 45.00),
    ('Consulta de Urgência', 100.00, 75.00),
    ('Tratamento Odontológico', 150.00, 120.00),
    ('Hospedagem - Pequeno Porte', 50.00, 35.00),
    ('Hospedagem - Médio Porte', 60.00, 45.00),
    ('Hospedagem - Grande Porte', 70.00, 55.00),
    ('Adestramento Básico', 100.00, 80.00),
    ('Adestramento Avançado', 150.00, 120.00),
    ('Creche para Cães', 40.00, 30.00),
    ('Passeio Diário', 25.00, 20.00),
    ('Cuidados com Animais Idosos', 70.00, 55.00),
    ('Tratamento para Dermatite', 85.00, 65.00),
    ('Corte de Unhas', 15.00, 10.00),
    ('Limpeza de Ouvidos', 20.00, 15.00),
    ('Massagem Relaxante', 30.00, 25.00),
    ('Terapia Comportamental', 120.00, 90.00),
    ('Cuidados Especiais para Filhotes', 70.00, 55.00),
    ('Microchipagem', 50.00, 40.00),
    ('Desparasitação', 25.00, 20.00);

INSERT INTO PET (nome, idade, especie, raca, corPet, porte, peso, alergia, obs, Cliente_cpf)
VALUES
    ('Max', 3, 'Cachorro', 'Golden Retriever', 'Dourado', 'Grande', 30.5, NULL, NULL, '466.451.494-66'),
    ('Luna', 2, 'Cachorro', 'Labrador', 'Preto', 'Grande', 28.0, NULL, 'Alergia a pulgas', '838.230.901-24'),
    ('Whiskers', 4, 'Gato', 'Siamês', 'Marrom', 'Médio', 12.2, NULL, NULL, '585.813.592-28'),
    ('Nemo', NULL, 'Peixe', 'Beta', 'Laranja', NULL, 0.1, NULL, NULL, '285.170.934-34'),
    ('Simba', 5, 'Leão', 'Pantera', 'Marrom', 'Grande', 180.0, NULL, 'Rei da selva', '158.403.159-56'),
    ('Tweety', 1, 'Pássaro', 'Canário', 'Amarelo', 'Pequeno', 0.05, NULL, 'Canta lindas músicas', '184.888.206-15'),
    ('Daisy', 2, 'Coelho', 'Holandês', 'Branco e preto', 'Pequeno', 1.0, NULL, NULL, '119.154.767-40'),
    ('Speedy', 3, 'Tartaruga', 'Tigre-d água', 'Verde', 'Pequeno', 0.5, NULL, 'Muito lenta', '397.746.726-93'),
    ('Milo', 1, 'Hamster', 'Sírio', 'Dourado', 'Pequeno', 0.03, NULL, 'Gosta de girar na roda', '387.442.238-67'),
    ('Snickers', 4, 'Cavalo', 'Puro Sangue Árabe', 'Marrom', 'Grande', 550.0, NULL, 'Corredor veloz', '247.163.100-80'),
    ('Bella', 2, 'Cachorro', 'Bulldog', 'Marrom', 'Médio', 20.0, NULL, NULL, '763.757.317-90'),
    ('Charlie', 1, 'Cachorro', 'Poodle', 'Branco', 'Pequeno', 6.7, NULL, 'Alergia a grama', '638.195.356-78'),
    ('Lucy', 5, 'Gato', 'Maine Coon', 'Cinza', 'Grande', 16.8, NULL, NULL, '958.481.340-72'),
    ('Bubbles', NULL, 'Peixe', 'Guppi', 'Azul', NULL, 0.2, NULL, NULL, '472.190.357-23'),
    ('Leo', 4, 'Leão', 'Pantera', 'Marrom', 'Grande', 200.0, NULL, 'Majestoso', '733.840.988-10'),
    ('Rio', 1, 'Pássaro', 'Arara', 'Colorida', 'Médio', 1.2, NULL, 'Adora voar', '262.211.783-63'),
    ('Oreo', 2, 'Coelho', 'Angorá', 'Branco', 'Médio', 1.5, NULL, NULL, '197.195.735-12'),
    ('Shelly', 3, 'Tartaruga', 'Tartaruga de Caixa', 'Marrom', 'Pequeno', 0.8, NULL, 'Vive na água', '734.621.213-42'),
    ('Peanut', 1, 'Hamster', 'Chinês', 'Cinza', 'Pequeno', 0.04, NULL, 'Muito ágil', '312.813.663-56'),
    ('Spirit', 6, 'Cavalo', 'Quarto de Milha', 'Alazão', 'Grande', 600.0, NULL, 'Campeão de corrida', '153.184.100-93'),
    ('Coco', 2, 'Cachorro', 'Shih Tzu', 'Branco e marrom', 'Pequeno', 7.5, NULL, NULL, '431.380.967-35'),
    ('Buddy', 3, 'Cachorro', 'Dachshund', 'Marrom', 'Pequeno', 8.2, NULL, 'Adora cavar buracos', '201.435.312-85'),
    ('Oliver', 2, 'Gato', 'Bengal', 'Amarelo', 'Médio', 12.0, NULL, NULL, '202.961.819-10'),
    ('Goldie', NULL, 'Peixe', 'Beta', 'Dourado', NULL, 0.15, NULL, NULL, '651.248.201-55'),
    ('Rocky', 4, 'Leão', 'Pantera', 'Marrom', 'Grande', 210.0, NULL, 'Líder da savana', '619.867.844-81'),
    ('Sunny', 1, 'Pássaro', 'Periquito', 'Verde', 'Pequeno', 0.08, NULL, 'Fala algumas palavras', '187.134.550-45'),
    ('Hopper', 2, 'Coelho', 'Lionhead', 'Branco', 'Pequeno', 1.3, NULL, NULL, '997.351.855-59'),
    ('Squirt', 3, 'Tartaruga', 'Tartaruga de Pintas Vermelhas', 'Marrom', 'Pequeno', 0.9, NULL, 'Fica quieta', '101.864.453-57'),
    ('Nibbles', 1, 'Hamster', 'Roborovski', 'Dourado', 'Pequeno', 0.03, NULL, 'Sempre em movimento', '647.754.370-58'),
    ('Thunder', 7, 'Cavalo', 'Árabe', 'Preto', 'Grande', 700.0, NULL, 'Veloz como o vento', '871.734.386-47'),
    ('Ruby', 2, 'Cachorro', 'Chihuahua', 'Marrom', 'Pequeno', 3.4, NULL, NULL, '485.740.203-10'),
    ('Teddy', 3, 'Cachorro', 'Bichon Frise', 'Branco', 'Pequeno', 6.1, NULL, 'Adora brincar', '612.517.128-14'),
    ('Misty', 4, 'Gato', 'Ragdoll', 'Branco e cinza', 'Médio', 14.5, NULL, NULL, '822.512.726-34'),
    ('Bubbles', NULL, 'Peixe', 'Guppi', 'Prateado', NULL, 0.18, NULL, NULL, '491.615.568-73'),
    ('Leo', 5, 'Leão', 'Pantera', 'Marrom', 'Grande', 220.0, NULL, 'Majestoso', '139.861.239-68'),
    ('Sky', 1, 'Pássaro', 'Calopsita', 'Cinza e amarelo', 'Pequeno', 0.1, NULL, 'Canta alegremente', '493.120.607-41'),
    ('Lola', 2, 'Coelho', 'Fuzzy Lop', 'Branco e cinza', 'Médio', 1.6, NULL, NULL, '118.659.369-23'),
    ('Spike', 4, 'Tartaruga', 'Tartaruga de Casco Mole', 'Verde', 'Médio', 1.5, NULL, 'Gosta de nadar', '135.164.121-51'),
    ('Pippin', 1, 'Hamster', 'Sírio', 'Marrom', 'Pequeno', 0.02, NULL, 'Pequeno e ágil', '340.149.913-22'),
    ('Spirit', 8, 'Cavalo', 'Paint Horse', 'Alazão e branco', 'Grande', 650.0, NULL, 'Pinturas lindas', '427.484.285-11'),
    ('Lucky', 2, 'Cachorro', 'Shiba Inu', 'Vermelho', 'Médio', 17.8, NULL, NULL, '760.104.560-33'),
    ('Bella', 3, 'Cachorro', 'Pug', 'Bege', 'Pequeno', 15.3, NULL, 'Ronca bastante', '805.843.932-42'),
    ('Milo', 2, 'Gato', 'British Shorthair', 'Cinza', 'Médio', 11.7, NULL, NULL, '339.207.496-46'),
    ('Goldie', NULL, 'Peixe', 'Piranha', 'Prateado', NULL, 0.25, NULL, NULL, '856.568.307-56'),
    ('Leo', 6, 'Leão', 'Pantera', 'Marrom', 'Grande', 240.0, NULL, 'Rei da selva', '104.167.372-18'),
    ('Sunny', 2, 'Pássaro', 'Periquito Australiano', 'Verde e amarelo', 'Pequeno', 0.09, NULL, 'Canta o dia todo', '938.657.697-52'),
    ('Binky', 2, 'Coelho', 'Rex', 'Preto', 'Médio', 1.8, NULL, NULL, '484.360.799-97'),
    ('Shelly', 5, 'Tartaruga', 'Tartaruga de Espinhos', 'Verde e marrom', 'Médio', 1.7, NULL, 'Tem espinhos nas costas', '792.603.520-36'),
    ('Peanut', 1, 'Hamster', 'Chinês', 'Cinza e branco', 'Pequeno', 0.02, NULL, 'Adora girar na bola', '252.322.817-48'),
    ('Thunder', 9, 'Cavalo', 'Clydesdale', 'Castanho', 'Grande', 800.0, NULL, 'Majestoso e forte', '831.888.809-88'),
    ('Coco', 3, 'Cachorro', 'Boxer', 'Tigrado', 'Grande', 35.0, NULL, NULL, '534.520.644-38'),
    ('Buddy', 4, 'Cachorro', 'Husky Siberiano', 'Branco e preto', 'Grande', 32.6, NULL, 'Pelagem densa', '364.217.584-38'),
    ('Luna', 3, 'Gato', 'Persa', 'Branco', 'Médio', 13.4, NULL, NULL, '564.378.550-20'),
    ('Bubbles', NULL, 'Peixe', 'Piranha', 'Dourado', NULL, 0.3, NULL, NULL, '811.194.385-59'),
    ('Leo', 7, 'Leão', 'Pantera', 'Marrom', 'Grande', 250.0, NULL, 'Domina a savana', '881.322.969-32'),
    ('Sparrow', 1, 'Pássaro', 'Pardal', 'Marrom', 'Pequeno', 0.03, NULL, 'Canta melodias', '492.134.728-27'),
    ('Hopper', 3, 'Coelho', 'Holandês', 'Branco e preto', 'Médio', 2.0, NULL, NULL, '600.988.755-34'),
    ('Squirt', 6, 'Tartaruga', 'Tartaruga de Pintas Amarelas', 'Amarelo', 'Médio', 2.2, NULL, 'Adora nadar', '214.724.294-98'),
    ('Nibbles', 1, 'Hamster', 'Sírio', 'Dourado', 'Pequeno', 0.01, NULL, 'Bem pequeno', '537.554.722-19'),
    ('Spirit', 10, 'Cavalo', 'Frisão', 'Preto', 'Grande', 900.0, NULL, 'Cabelo longo', '482.644.660-98'),
    ('Ruby', 3, 'Cachorro', 'Poodle', 'Branco', 'Pequeno', 5.7, NULL, NULL, '744.941.902-91'),
    ('Teddy', 4, 'Cachorro', 'Bulldog Francês', 'Tigrado', 'Pequeno', 11.8, NULL, 'Focinho achatado', '716.340.877-27'),
    ('Misty', 5, 'Gato', 'Siamese', 'Cinza', 'Médio', 10.9, NULL, NULL, '349.995.757-47'),
    ('Goldie', NULL, 'Peixe', 'Beta', 'Laranja', NULL, 0.35, NULL, NULL, '514.341.279-23'),
    ('Leo', 8, 'Leão', 'Pantera', 'Marrom', 'Grande', 260.0, NULL, 'Rei da savana', '839.193.389-31'),
    ('Sunny', 3, 'Pássaro', 'Cacatua', 'Branca', 'Médio', 0.15, NULL, 'Fala e dança', '424.700.508-98'),
    ('Lola', 4, 'Coelho', 'Mini Rex', 'Castanho', 'Médio', 1.9, NULL, NULL, '744.135.955-51'),
    ('Spike', 6, 'Tartaruga', 'Tartaruga de Espinhos', 'Verde e marrom', 'Médio', 2.0, NULL, 'Defesa natural', '278.997.590-88'),
    ('Pippin', 2, 'Hamster', 'Russo Anão', 'Cinza', 'Pequeno', 0.02, NULL, 'Muito rápido', '913.841.905-79'),
    ('Thunder', 11, 'Cavalo', 'Morgan', 'Baio', 'Grande', 999.0, NULL, 'Elegante e forte', '781.876.291-95');

INSERT INTO DEPARTAMENTO(NOME, EMAIL, LOCALDEP,GERENTE_CPF)
VALUES
    ('Financeiro', 'financeiro@email.com','20° Andar', '163.651.560-58'),
    ('Vendas', 'vendas@email.com','10° Andar', '459.653.942-81'),
    ('Comercial', 'comercial@email.com','Terreo', '313.723.692-49');
   
INSERT INTO Empregado (cpf, nome, sexo, email, ctps, cargo, dataAdm, dataDem, salario, comissao, bonificacao, Departamento_idDepartamento)
VALUES
    ('233.924.889-69', 'Jorge Luis', 'ISABELA CASTRO', 'jorge@email.com', '12345', 'Gerente', '2023-01-01', NULL, 5000.00, 500.00, 100.00, 1),
    ('250.617.113-57', 'Maria Santos', 'MATEUS GONCALVES', 'maria@email.com', '67890', 'Vendedor', '2023-02-15', NULL, 2500.00, 300.00, 50.00, 2),
    ('826.879.402-36', 'Carlos Souza', 'LUCAS MENDES', 'carlos@email.com', '54321', 'Atendente', '2023-03-10', NULL, 2200.00, 200.00, 30.00, 1),
    ('472.370.522-22', 'Ana Ferreira', 'ROBERTO PINHEIRO', 'ana@email.com', '98765', 'Vendedor', '2023-04-20', NULL, 2700.00, 350.00, 60.00, 3),
    ('174.861.747-17', 'Luiz Pereira', 'JOAO DA SILVA', 'luiz@email.com', '13579', 'Gerente', '2023-05-05', NULL, 5200.00, 550.00, 120.00, 2),
    ('530.448.788-29', 'Fernanda Costa', 'MARIA OLIVEIRA', 'fernanda@email.com', '24680', 'Atendente', '2023-06-30', NULL, 2300.00, 220.00, 35.00, 1),
    ('671.597.437-72', 'Ricardo Oliveira', 'PEDRO SANTOS', 'ricardo@email.com', '86420', 'Vendedor', '2023-07-15', NULL, 2600.00, 320.00, 55.00, 2),
    ('253.442.957-66', 'Marta Lima', 'ANA COSTA', 'marta@email.com', '99999', 'Gerente', '2023-08-20', NULL, 5100.00, 500.00, 110.00, 3),
    ('588.577.808-79', 'Pedro Santos', 'CARLOS ALMEIDA', 'pedro@email.com', '77777', 'Atendente', '2023-09-10', NULL, 2100.00, 180.00, 25.00, 1),
    ('624.471.873-46', 'Lucia Rodrigues', 'FERNANDA LIMA', 'lucia@email.com', '12312', 'Vendedor', '2023-10-25', NULL, 2900.00, 380.00, 70.00, 2),
    ('932.629.937-18', 'Marcos Almeida', 'LUIS PEREIRA', 'marcos@email.com', '65465', 'Gerente', '2023-11-05', NULL, 5300.00, 600.00, 130.00, 3),
    ('825.640.700-86', 'Larissa Silva', 'CLAUDIA RAMOS', 'larissa@email.com', '98712', 'Atendente', '2023-12-15', NULL, 2400.00, 250.00, 40.00, 1),
    ('976.386.136-24', 'Gustavo Pereira', 'RICARDO MARTINS', 'gustavo@email.com', '78978', 'Vendedor', '2024-01-20', NULL, 2700.00, 320.00, 60.00, 2),
    ('947.425.164-45', 'Isabela Costa', 'JULIANA SOARES', 'isabela@email.com', '12345', 'Gerente', '2024-02-10', NULL, 5200.00, 550.00, 120.00, 3),
    ('359.809.101-42', 'Roberto Souza', 'GABRIELA CARVALHO', 'roberto@email.com', '65432', 'Atendente', '2024-03-05', NULL, 2200.00, 220.00, 35.00, 1);

INSERT INTO Custos (nome, valor, dataPag, dataVenc, obs, Departamento_idDepartamento)
VALUES
    ('Custo_001', 123.45, '2023-09-08', '2023-09-18', NULL, 1),
    ('Custo_002', 234.56, '2023-09-09', '2023-09-19', NULL, 2),
    ('Custo_003', 345.67, '2023-09-10', '2023-09-20', NULL, 3),
    ('Custo_004', 456.78, '2023-09-11', '2023-09-21', NULL, 1),
    ('Custo_005', 567.89, '2023-09-12', '2023-09-22', NULL, 2),
    ('Custo_006', 678.90, '2023-09-13', '2023-09-23', NULL, 3),
    ('Custo_007', 789.01, '2023-09-14', '2023-09-24', NULL, 1),
    ('Custo_008', 890.12, '2023-09-15', '2023-09-25', NULL, 2),
    ('Custo_009', 901.23, '2023-09-16', '2023-09-26', NULL, 3),
    ('Custo_010', 123.45, '2023-09-17', '2023-09-27', NULL, 1),
    ('Custo_011', 234.56, '2023-09-18', '2023-09-28', NULL, 2),
    ('Custo_012', 345.67, '2023-09-19', '2023-09-29', NULL, 3),
    ('Custo_013', 456.78, '2023-09-20', '2023-09-30', NULL, 1),
    ('Custo_014', 567.89, '2023-09-21', '2023-10-01', NULL, 2),
    ('Custo_015', 678.90, '2023-09-22', '2023-10-02', NULL, 3),
    ('Custo_016', 789.01, '2023-09-23', '2023-10-03', NULL, 1),
    ('Custo_017', 890.12, '2023-09-24', '2023-10-04', NULL, 2),
    ('Custo_018', 901.23, '2023-09-25', '2023-10-05', NULL, 3),
    ('Custo_019', 123.45, '2023-09-26', '2023-10-06', NULL, 1),
    ('Custo_020', 234.56, '2023-09-27', '2023-10-07', NULL, 2),
    ('Custo_021', 345.67, '2023-09-28', '2023-10-08', NULL, 3),
    ('Custo_022', 456.78, '2023-09-29', '2023-10-09', NULL, 1),
    ('Custo_023', 567.89, '2023-09-30', '2023-10-10', NULL, 2),
    ('Custo_024', 678.90, '2023-10-01', '2023-10-11', NULL, 3),
    ('Custo_025', 789.01, '2023-10-02', '2023-10-12', NULL, 1),
    ('Custo_026', 890.12, '2023-10-03', '2023-10-13', NULL, 2),
    ('Custo_027', 901.23, '2023-10-04', '2023-10-14', NULL, 3),
    ('Custo_028', 123.45, '2023-10-05', '2023-10-15', NULL, 1),
    ('Custo_029', 234.56, '2023-10-06', '2023-10-16', NULL, 2),
    ('Custo_030', 345.67, '2023-10-07', '2023-10-17', NULL, 3),
    ('Custo_031', 456.78, '2023-10-08', '2023-10-18', NULL, 1),
    ('Custo_032', 567.89, '2023-10-09', '2023-10-19', NULL, 2),
    ('Custo_033', 678.90, '2023-10-10', '2023-10-20', NULL, 3),
    ('Custo_034', 789.01, '2023-10-11', '2023-10-21', NULL, 1),
    ('Custo_035', 890.12, '2023-10-12', '2023-10-22', NULL, 2),
    ('Custo_036', 901.23, '2023-10-13', '2023-10-23', NULL, 3),
    ('Custo_037', 123.45, '2023-10-14', '2023-10-24', NULL, 1),
    ('Custo_038', 234.56, '2023-10-15', '2023-10-25', NULL, 2),
    ('Custo_039', 345.67, '2023-10-16', '2023-10-26', NULL, 3),
    ('Custo_040', 456.78, '2023-10-17', '2023-10-27', NULL, 1),
    ('Custo_041', 567.89, '2023-10-18', '2023-10-28', NULL, 2),
    ('Custo_042', 678.90, '2023-10-19', '2023-10-29', NULL, 3),
    ('Custo_043', 789.01, '2023-10-20', '2023-10-30', NULL, 1),
    ('Custo_044', 890.12, '2023-10-21', '2023-10-31', NULL, 2),
    ('Custo_045', 901.23, '2023-10-22', '2023-11-01', NULL, 3),
    ('Custo_046', 123.45, '2023-10-23', '2023-11-02', NULL, 1),
    ('Custo_047', 234.56, '2023-10-24', '2023-11-03', NULL, 2),
    ('Custo_048', 345.67, '2023-10-25', '2023-11-04', NULL, 3),
    ('Custo_049', 456.78, '2023-10-26', '2023-11-05', NULL, 1),
    ('Custo_050', 567.89, '2023-10-27', '2023-11-06', NULL, 2),
    ('Custo_051', 678.90, '2023-10-28', '2023-11-07', NULL, 3),
    ('Custo_052', 789.01, '2023-10-29', '2023-11-08', NULL, 1),
    ('Custo_053', 890.12, '2023-10-30', '2023-11-09', NULL, 2),
    ('Custo_054', 901.23, '2023-10-31', '2023-11-10', NULL, 3),
    ('Custo_055', 123.45, '2023-11-01', '2023-11-11', NULL, 1),
    ('Custo_056', 234.56, '2023-11-02', '2023-11-12', NULL, 2),
    ('Custo_057', 345.67, '2023-11-03', '2023-11-13', NULL, 3),
    ('Custo_058', 456.78, '2023-11-04', '2023-11-14', NULL, 1),
    ('Custo_059', 567.89, '2023-11-05', '2023-11-15', NULL, 2),
    ('Custo_060', 678.90, '2023-11-06', '2023-11-16', NULL, 3),
    ('Custo_061', 789.01, '2023-11-07', '2023-11-17', NULL, 1),
    ('Custo_062', 890.12, '2023-11-08', '2023-11-18', NULL, 2),
    ('Custo_063', 901.23, '2023-11-09', '2023-11-19', NULL, 3),
    ('Custo_064', 123.45, '2023-11-10', '2023-11-20', NULL, 1),
    ('Custo_065', 234.56, '2023-11-11', '2023-11-21', NULL, 2),
    ('Custo_066', 345.67, '2023-11-12', '2023-11-22', NULL, 3),
    ('Custo_067', 456.78, '2023-11-13', '2023-11-23', NULL, 1),
    ('Custo_068', 567.89, '2023-11-14', '2023-11-24', NULL, 2),
    ('Custo_069', 678.90, '2023-11-15', '2023-11-25', NULL, 3),
    ('Custo_070', 789.01, '2023-11-16', '2023-11-26', NULL, 1),
    ('Custo_071', 890.12, '2023-11-17', '2023-11-27', NULL, 2),
    ('Custo_072', 901.23, '2023-11-18', '2023-11-28', NULL, 3),
    ('Custo_073', 123.45, '2023-11-19', '2023-11-29', NULL, 1),
    ('Custo_074', 234.56, '2023-11-20', '2023-11-30', NULL, 2),
    ('Custo_075', 345.67, '2023-11-21', '2023-12-01', NULL, 3),
    ('Custo_076', 456.78, '2023-11-22', '2023-12-02', NULL, 1),
    ('Custo_077', 567.89, '2023-11-23', '2023-12-03', NULL, 2),
    ('Custo_078', 678.90, '2023-11-24', '2023-12-04', NULL, 3),
    ('Custo_079', 789.01, '2023-11-25', '2023-12-05', NULL, 1),
    ('Custo_080', 890.12, '2023-11-26', '2023-12-06', NULL, 2),
    ('Custo_81', 901.23, '2023-11-27', '2023-12-07', NULL, 3),
    ('Custo_082', 123.45, '2023-11-28', '2023-12-08', NULL, 1),
    ('Custo_083', 234.56, '2023-11-29', '2023-12-09', NULL, 2),
    ('Custo_084', 345.67, '2023-11-30', '2023-12-10', NULL, 3),
    ('Custo_085', 456.78, '2023-12-01', '2023-12-11', NULL, 1),
    ('Custo_086', 567.89, '2023-12-02', '2023-12-12', NULL, 2),
    ('Custo_087', 678.90, '2023-12-03', '2023-12-13', NULL, 3),
    ('Custo_088', 789.01, '2023-12-04', '2023-12-14', NULL, 1),
    ('Custo_089', 890.12, '2023-12-05', '2023-12-15', NULL, 2),
    ('Custo_090', 901.23, '2023-12-06', '2023-12-16', NULL, 3),
    ('Custo_091', 123.45, '2023-12-07', '2023-12-17', NULL, 1),
    ('Custo_092', 234.56, '2023-12-08', '2023-12-18', NULL, 2),
    ('Custo_093', 345.67, '2023-12-09', '2023-12-19', NULL, 3),
    ('Custo_094', 456.78, '2023-12-10', '2023-12-20', NULL, 1),
    ('Custo_095', 567.89, '2023-12-11', '2023-12-21', NULL, 2),
    ('Custo_096', 678.90, '2023-12-12', '2023-12-22', NULL, 3),
    ('Custo_097', 789.01, '2023-12-13', '2023-12-23', NULL, 1),
    ('Custo_098', 890.12, '2023-12-14', '2023-12-24', NULL, 2),
    ('Custo_099', 901.23, '2023-12-15', '2023-12-25', NULL, 3),
    ('Custo_100', 123.45, '2023-12-16', '2023-12-26', NULL, 1);
   
INSERT INTO `petshop`.`Produtos` (`nome`, `quantidade`, `marca`, `dataVenc`, `valorVenda`, `precoCusto`) VALUES
    ('Ração para Cães', 100.00, 'Royal Canin', '2024-05-01', 49.90, 30.00),
    ('Ração para Gatos', 80.00, 'Hill''s', '2024-06-15', 45.00, 28.00),
    ('Brinquedo para Cães', 200.00, 'Kong', NULL, 15.90, 10.00),
    ('Areia Sanitária para Gatos', 150.00, 'Chalesco', '2024-07-20', 10.50, 7.50),
    ('Coleira Antipulgas para Cães', 50.00, 'Frontline', '2024-09-10', 35.00, 20.00),
    ('Shampoo para Cães', 60.00, 'PetSmile', '2024-08-05', 12.99, 7.00),
    ('Comedouro para Gatos', 100.00, 'Hagen', NULL, 8.50, 5.00),
    ('Tapete Higiênico para Cães', 120.00, 'Petix', '2024-10-12', 18.75, 11.00),
    ('Bolinha de Tênis para Cães', 300.00, 'Kong', NULL, 3.99, 2.50),
    ('Ração para Peixes', 200.00, 'Sera', '2024-11-30', 5.99, 4.00),
    ('Gaiola para Hamsters', 40.00, 'Ferplast', NULL, 39.90, 25.00),
    ('Ração para Pássaros', 250.00, 'Alcon', '2024-12-15', 7.50, 5.00),
    ('Casinha para Cães', 30.00, 'Tramontina', NULL, 85.00, 65.00),
    ('Ração para Tartarugas', 70.00, 'Tetra', '2024-10-01', 12.00, 8.50),
    ('Bolsa de Transporte para Gatos', 20.00, 'Pawise', NULL, 29.99, 18.00),
    ('Escova para Gatos', 90.00, 'Furminator', NULL, 28.50, 16.00),
    ('Roupinha para Cães', 50.00, 'Zee.Dog', NULL, 35.00, 22.00),
    ('Bebedouro para Cães', 80.00, 'PetFeeder', NULL, 14.99, 10.00),
    ('Comedouro para Pássaros', 150.00, 'Alcon', NULL, 6.50, 4.50),
    ('Coleira para Gatos', 70.00, 'Pawise', NULL, 9.50, 6.50),
    ('Casinha para Coelhos', 10.00, 'Ferplast', NULL, 49.90, 30.00),
    ('Shampoo para Gatos', 40.00, 'PetSmile', '2024-09-25', 13.99, 9.50),
    ('Brinquedo para Pássaros', 200.00, 'Zee.Dog', NULL, 4.75, 3.00),
    ('Aquário para Peixes', 15.00, 'Tetra', NULL, 99.99, 70.00),
    ('Coleira Anticarrapatos para Cães', 60.00, 'Frontline', '2024-11-20', 28.00, 15.50),
    ('Ração para Hamsters', 100.00, 'Vitakraft', '2024-07-08', 7.25, 4.50),
    ('Brinquedo para Coelhos', 80.00, 'Chalesco', NULL, 6.99, 4.00),
    ('Ração para Canários', 150.00, 'Alcon', '2024-12-30', 4.25, 3.00),
    ('Arranhador para Gatos', 40.00, 'Furminator', NULL, 22.90, 15.00),
    ('Roupinha para Cães', 70.00, 'Zee.Dog', NULL, 29.90, 18.50),
    ('Comedouro para Peixes', 200.00, 'Sera', NULL, 12.99, 8.00),
    ('Bebedouro para Pássaros', 180.00, 'Alcon', '2024-10-20', 5.50, 3.50),
    ('Bolsa de Transporte para Cães', 25.00, 'Pawise', NULL, 49.50, 35.00),
    ('Shampoo para Hamsters', 50.00, 'Chalesco', '2024-08-18', 9.25, 6.00),
    ('Casinha para Coelhos', 12.00, 'Ferplast', NULL, 64.90, 45.00),
    ('Ração para Periquitos', 120.00, 'Alcon', '2024-11-15', 3.75, 2.50),
    ('Brinquedo para Tartarugas', 90.00, 'Chalesco', NULL, 7.99, 5.00),
    ('Terrário para Répteis', 15.00, 'Exo Terra', NULL, 129.00, 95.00),
    ('Coleira Antipulgas para Gatos', 70.00, 'Frontline', '2024-10-08', 32.50, 20.00),
    ('Ração para Cobaias', 180.00, 'Vitakraft', NULL, 5.75, 3.50),
    ('Arranhador para Gatos', 50.00, 'Zee.Dog', NULL, 19.99, 12.00),
    ('Comedouro para Tartarugas', 30.00, 'Tetra', NULL, 11.50, 7.50),
    ('Gaiola para Calopsitas', 8.00, 'Ferplast', NULL, 99.00, 70.00),
    ('Shampoo para Coelhos', 60.00, 'Chalesco', '2024-09-08', 8.75, 5.50),
    ('Bebedouro para Cobaias', 50.00, 'PetFeeder', NULL, 7.99, 4.50),
    ('Ração para Porquinhos da Índia', 90.00, 'Vitakraft', NULL, 6.25, 4.00),
    ('Brinquedo para Cobaias', 100.00, 'Zee.Dog', NULL, 5.99, 3.50),
    ('Aquário para Tartarugas', 20.00, 'Sera', NULL, 89.90, 60.00),
    ('Coleira Anticarrapatos para Gatos', 50.00, 'Frontline', '2024-12-05', 26.50, 15.50),
    ('Ração para Iguanas', 40.00, 'Exo Terra', NULL, 9.75, 6.50),
    ('Bebedouro para Calopsitas', 30.00, 'PetFeeder', NULL, 5.99, 3.50),
    ('Ração para Jabutis', 80.00, 'ZooMed', '2024-08-30', 8.50, 5.50),
    ('Brinquedo para Porquinhos da Índia', 150.00, 'Chalesco', NULL, 4.99, 3.00),
    ('Aquário para Peixes Tropicais', 15.00, 'Tetra', NULL, 119.00, 85.00),
    ('Coleira Antipulgas para Cães', 70.00, 'Frontline', '2024-07-12', 31.50, 18.00),
    ('Ração para Pássaros Exóticos', 120.00, 'Alcon', NULL, 5.25, 3.50);

INSERT INTO `petshop`.`Venda` (`data`, `valor`, `comissao`, `desconto`, `Cliente_cpf`, `Empregado_cpf`) 
VALUES
('2023-09-01 10:00:00', 550.00, 10.00, 05.00, '594.593.895-96', '280.507.234-30'),
('2023-09-02 11:30:00', 200.00, 15.00, 08.00, '629.625.433-64', '944.582.237-99'),
('2023-09-03 14:45:00', 980.00, 12.00, 06.00, '345.672.275-33', '804.224.171-14'),
('2023-09-04 09:15:00', 220.00, 18.00, 10.00, '948.673.813-91', '425.736.197-41'),
('2023-09-05 16:20:00', 190.00, 13.00, 07.00, '573.183.543-54', '410.479.521-21'),
('2023-09-06 13:10:00', 470.00, 11.00, 05.00, '790.296.322-32', '307.620.955-16'),
('2023-09-07 08:30:00', 210.00, 17.00, 09.00, '976.139.738-88', '614.704.156-88'),
('2023-09-08 12:55:00', 840.00, 20.00, 12.00, '836.751.359-61', '772.151.818-16'),
('2023-09-09 15:40:00', 175.00, 14.00, 06.00, '764.401.402-93', '603.630.824-65'),
('2023-09-10 17:25:00', 995.00, 16.00, 08.00, '555.680.742-25', '290.380.262-51'),
('2023-09-11 09:05:00', 230.00, 19.00, 11.00, '515.193.804-44', '842.832.401-16'),
('2023-09-12 14:15:00', 185.00, 15.00, 07.00, '151.258.761-41', '786.661.225-77'),
('2023-09-13 10:30:00', 215.00, 18.00, 09.00, '551.912.576-83', '562.602.510-42'),
('2023-09-14 08:50:00', 250.00, 21.00, 12.00, '262.827.724-14', '206.542.793-72'),
('2023-09-15 11:10:00', 600.00, 16.00, 08.00, '757.872.442-21', '566.841.514-93'),
('2023-09-16 13:50:00', 170.00, 12.00, 06.00, '150.719.286-16', '302.269.284-44'),
('2023-09-17 15:15:00', 225.00, 20.00, 11.00, '184.544.723-61', '281.887.928-47'),
('2023-09-18 09:45:00', 290.00, 14.00, 07.00, '520.842.926-47', '322.750.380-23'),
('2023-09-19 16:35:00', 205.00, 17.00, 08.00, '894.130.359-74', '245.592.618-16'),
('2023-09-20 12:40:00', 235.00, 19.00, 10.00, '553.984.836-30', '689.956.860-85'),
('2023-09-21 14:20:00', 180.00, 15.00, 07.00, '316.655.945-72', '227.772.749-43'),
('2023-09-22 10:05:00', 210.00, 18.00, 09.00, '632.691.430-32', '257.422.714-44'),
('2023-09-23 08:15:00', 220.00, 20.00, 10.00, '795.634.483-47', '832.514.756-75'),
('2023-09-24 13:30:00', 195.00, 16.00, 08.00, '452.693.859-45', '836.708.418-15'),
('2023-09-25 09:55:00', 175.00, 13.00, 06.00, '314.456.481-89', '172.543.399-42'),
('2023-09-26 11:40:00', 240.00, 21.00, 11.00, '800.589.543-11', '395.854.511-56'),
('2023-09-27 15:05:00', 225.00, 19.00, 10.00, '931.325.795-24', '526.226.149-31'),
('2023-09-28 14:00:00', 300.00, 17.00, 08.00, '254.131.483-39', '857.597.350-86'),
('2023-09-29 12:25:00', 230.00, 20.00, 09.00, '492.459.810-39', '554.173.789-64'),
('2023-09-30 17:20:00', 260.00, 22.00, 12.00, '196.998.271-19', '708.857.359-80'),
('2023-10-01 10:35:00', 175.00, 15.00, 07.00, '946.379.521-42', '615.691.704-10'),
('2023-10-02 08:45:00', 210.00, 18.00, 09.00, '981.599.813-96', '446.189.396-71'),
('2023-10-03 14:20:00', 185.00, 16.00, 08.00, '529.932.188-88', '199.259.818-16'),
('2023-10-04 09:15:00', 220.00, 19.00, 10.00, '677.370.316-35', '779.342.777-94'),
('2023-10-05 16:30:00', 195.00, 17.00, 09.00, '994.407.721-88', '607.127.465-72'),
('2023-10-06 13:05:00', 170.00, 14.00, 07.00, '180.287.174-50', '807.760.783-42'),
('2023-10-07 08:50:00', 230.00, 21.00, 11.00, '548.725.499-94', '417.953.670-97'),
('2023-10-08 12:45:00', 245.00, 20.00, 12.00, '375.173.984-73', '251.964.891-81'),
('2023-10-09 15:55:00', 200.00, 16.00, 08.00, '605.175.123-74', '536.368.789-57'),
('2023-10-10 17:40:00', 265.00, 22.00, 12.00, '327.936.463-53', '285.643.894-76'),
('2023-10-11 09:25:00', 180.00, 15.00, 07.00, '523.929.288-35', '257.373.345-33'),
('2023-10-12 14:15:00', 215.00, 18.00, 09.00, '187.470.250-11', '239.790.662-14'),
('2023-10-13 10:20:00', 225.00, 19.00, 10.00, '955.143.417-11', '229.673.260-64'),
('2023-10-14 08:35:00', 190.00, 17.00, 08.00, '865.259.756-26', '169.596.761-70'),
('2023-10-15 11:05:00', 250.00, 21.00, 11.00, '746.315.234-57', '189.393.784-76'),
('2023-10-16 13:45:00', 175.00, 14.00, 07.00, '592.812.268-83', '863.883.853-85'),
('2023-10-17 15:10:00', 235.00, 20.00, 09.00, '405.588.233-75', '637.855.790-60'),
('2023-10-18 09:40:00', 195.00, 16.00, 08.00, '370.660.692-29', '166.708.231-30'),
('2023-10-19 16:15:00', 220.00, 17.00, 09.00, '409.385.731-11', '738.797.531-83'),
('2023-10-20 12:50:00', 805.00, 18.00, 10.00, '144.756.902-94', '846.775.754-90');

INSERT INTO formapgvenda(tipo, valorpago, venda_idVenda)
VALUES
('ANDRE MOURA'  , 300.00, 01),
('ISABELA CASTRO', 250.00, 01),
('MATEUS GONCALVES'  , 200.00, 02),
('LUCAS MENDES'  , 200.00, 03),
('ROBERTO PINHEIRO'     , 200.00, 03),
('JOAO DA SILVA', 380.00, 03),
('MARIA OLIVEIRA'     , 200.00, 03),
('PEDRO SANTOS'  , 200.00, 03),
('ANA COSTA'  , 220.00, 04),
('CARLOS ALMEIDA'     , 100.00, 05),
('FERNANDA LIMA'  , 090.00, 05),
('LUIS PEREIRA', 470.00, 06),
('CLAUDIA RAMOS'  , 010.00, 07),
('RICARDO MARTINS'     , 200.00, 07),
('JULIANA SOARES'     , 200.00, 08),
('GABRIELA CARVALHO'     , 200.00, 08),
('ANDRE MOURA'  , 400.00, 08),
('ISABELA CASTRO'  , 040.00, 08),
('MATEUS GONCALVES'  , 175.00, 09),
('LUCAS MENDES'  , 405.00, 10),
('ROBERTO PINHEIRO'  , 590.00, 10),
('JOAO DA SILVA'  , 230.00, 11),
('MARIA OLIVEIRA'  , 185.00, 12),
('PEDRO SANTOS'     , 215.00, 13),
('ANA COSTA', 250.00, 14),
('CARLOS ALMEIDA', 300.00, 15),
('FERNANDA LIMA'     , 100.00, 15),
('LUIS PEREIRA'  , 200.00, 15),
('CLAUDIA RAMOS'  , 170.00, 16),
('RICARDO MARTINS'  , 225.00, 17),
('JULIANA SOARES'  , 200.00, 18),
('GABRIELA CARVALHO', 090.00, 18),
('ANDRE MOURA'  , 200.00, 19),
('ISABELA CASTRO'     , 005.00, 19),
('MATEUS GONCALVES'  , 235.00, 20),
('LUCAS MENDES'     , 090.00, 21),
('ROBERTO PINHEIRO', 090.00, 21),
('JOAO DA SILVA', 210.00, 22),
('MARIA OLIVEIRA'  , 110.00, 23),
('PEDRO SANTOS'     , 110.00, 23),
('ANA COSTA'  , 195.00, 24),
('CARLOS ALMEIDA'     , 175.00, 25),
('FERNANDA LIMA'     , 120.00, 26),
('LUIS PEREIRA', 120.00, 26),
('CLAUDIA RAMOS'     , 200.00, 27),
('RICARDO MARTINS'  , 025.00, 27),
('JULIANA SOARES'  , 150.00, 28),
('GABRIELA CARVALHO'  , 150.00, 28),
('ANDRE MOURA', 100.00, 29),
('ISABELA CASTRO'     , 100.00, 29),
('MATEUS GONCALVES'  , 030.00, 29),
('LUCAS MENDES'  , 260.00, 30),
('ROBERTO PINHEIRO'     , 175.00, 31),
('JOAO DA SILVA'     , 210.00, 32),
('MARIA OLIVEIRA'     , 100.00, 33),
('PEDRO SANTOS'     , 085.00, 33),
('ANA COSTA'  , 220.00, 34),
('CARLOS ALMEIDA'     , 105.00, 35),
('FERNANDA LIMA', 090.00, 35),
('LUIS PEREIRA'  , 170.00, 36),
('CLAUDIA RAMOS'  , 115.00, 37),
('RICARDO MARTINS'  , 115.00, 37),
('JULIANA SOARES', 245.00, 38),
('GABRIELA CARVALHO'     , 100.00, 39),
('ANDRE MOURA'  , 100.00, 39),
('ISABELA CASTRO'     , 265.00, 40),
('MATEUS GONCALVES'  , 180.00, 41),
('LUCAS MENDES'     , 175.00, 42),
('ROBERTO PINHEIRO', 040.00, 42),
('JOAO DA SILVA'  , 225.00, 43),
('MARIA OLIVEIRA'     , 190.00, 44),
('PEDRO SANTOS'     , 250.00, 45),
('ANA COSTA'     , 175.00, 46),
('CARLOS ALMEIDA'     , 235.00, 47),
('FERNANDA LIMA'     , 195.00, 48),
('LUIS PEREIRA'     , 220.00, 49),
('CLAUDIA RAMOS'     , 805.00, 50);

INSERT INTO itensvendaprod(venda_idVenda, produto_idProduto, quantidade, valor, desconto)
VALUES
(01,01,01,300.00,0),
(01,02,02,250.00,0),
(02,10,03,200.00,0),
(03,11,04,980.00,0),
(04,21,05,100.00,0),
(04,31,06,120.00,0),
(05,14,08,010.00,0),
(05,15,09,050.00,0),
(05,20,10,030.00,0),
(06,01,01,400.00,0),
(06,07,02,070.00,0),
(07,49,03,210.00,0),
(08,44,04,840.00,0),
(09,10,05,175.00,0),
(10,11,06,500.00,0),
(10,13,07,400.00,0),
(10,15,08,095.00,0),
(11,17,09,100.00,0),
(11,33,10,100.00,0),
(11,05,01,015.00,0),
(11,40,02,015.00,0),
(12,19,03,185.00,0),
(13,24,04,215.00,0),
(14,08,05,250.00,0),
(15,01,06,200.00,0),
(15,41,07,400.00,0),
(16,41,08,170.00,0),
(17,21,09,225.00,0),
(18,31,10,290.00,0),
(19,10,01,100.00,0),
(19,20,02,090.00,0),
(19,50,03,015.00,0),
(20,40,04,235.00,0),
(21,30,05,030.00,0),
(21,03,06,050.00,0),
(21,06,07,060.00,0),
(21,47,08,040.00,0),
(22,18,09,200.00,0),
(22,12,10,010.00,0),
(23,01,01,220.00,0),
(24,20,02,195.00,0),
(25,20,03,175.00,0),
(26,50,04,240.00,0),
(27,24,05,200.00,0),
(27,27,06,025.00,0),
(29,23,08,230.00,0),
(30,30,09,100.00,0),
(30,31,10,160.00,0),
(31,31,01,175.00,0),
(33,33,03,185.00,0),
(34,34,04,100.00,0),
(34,35,05,100.00,0),
(34,44,06,020.00,0),
(35,05,07,195.00,0),
(36,07,08,170.00,0),
(37,08,09,230.00,0),
(39,11,01,025.00,0),
(39,12,02,025.00,0),
(39,13,03,025.00,0),
(39,14,04,025.00,0),
(39,15,05,025.00,0),
(39,16,06,025.00,0),
(39,17,07,025.00,0),
(40,50,10,265.00,0),
(41,48,01,180.00,0),
(42,19,04,015.00,0),
(43,19,05,050.00,0),
(43,25,06,050.00,0),
(43,12,08,025.00,0),
(43,10,09,025.00,0),
(44,12,10,190.00,0),
(45,28,01,250.00,0),
(46,24,02,175.00,0),
(47,20,03,100.00,0),
(47,16,04,100.00,0),
(47,28,05,035.00,0),
(48,09,06,195.00,0),
(49,10,07,220.00,0),
(50,12,08,100.00,0),
(50,20,09,050.00,0),
(50,21,10,175.00,0),
(50,10,01,025.00,0),
(50,13,02,020.00,0),
(50,11,03,080.00,0),
(50,05,05,100.00,0),
(50,06,06,100.00,0),
(50,01,07,050.00,0),
(50,15,08,050.00,0);

INSERT INTO itensservico(empregado_cpf, servico_idservico, venda_idVenda, pet_idpet, quantidade, valor, desconto)
VALUES
('804.172.348-42',06, 05,13,07,100.00,0),
('810.819.270-30',13, 28,22,07,300.00,0),
('765.236.600-83',10, 32,20,02,210.00,0),
('733.430.426-52',01, 38,10,10,245.00,0),
('659.547.923-13',25, 39,18,08,025.00,0),
('463.368.794-69',12, 39,19,09,025.00,0),
('482.804.933-20',17, 42,48,02,050.00,0),
('675.631.394-50',11, 42,48,03,150.00,0),
('855.433.665-65',13, 43,06,07,075.00,0),
('784.273.589-63',22, 50,01,01,100.00,0);

INSERT INTO compras(dataComp, valorTotal, dataVenc, dataPag, desconto, juros, fornecedor_cpf_cnpj)
VALUES
('2023-09-01 10:00:00', 550.00,'2023-09-01 10:00:00','2023-09-01 10:00:00',10.00, 05.00, '767.729.501-97'    ),
('2023-09-02 11:30:00', 200.00,'2023-09-02 11:30:00','2023-09-02 11:30:00',15.00, 08.00, '160.681.904-45'    ),
('2023-09-03 14:45:00', 980.00,'2023-09-03 14:45:00','2023-09-03 14:45:00',12.00, 06.00, '269.729.336-18'    ),
('2023-09-04 09:15:00', 220.00,'2023-09-04 09:15:00','2023-09-04 09:15:00',18.00, 10.00, '750.318.227-76'    ),
('2023-09-05 16:20:00', 190.00,'2023-09-05 16:20:00','2023-09-05 16:20:00',13.00, 07.00, '723.141.912-85'    ),
('2023-09-06 13:10:00', 470.00,'2023-09-06 13:10:00','2023-09-06 13:10:00',11.00, 05.00, '557.383.505-26'    ),
('2023-09-07 08:30:00', 210.00,'2023-09-07 08:30:00','2023-09-07 08:30:00',17.00, 09.00, '116231880008-17'),
('2023-09-08 12:55:00', 840.00,'2023-09-08 12:55:00','2023-09-08 12:55:00',20.00, 12.00, '116231880008-17'),
('2023-09-09 15:40:00', 175.00,'2023-09-09 15:40:00','2023-09-09 15:40:00',14.00, 06.00, '902.962.699-38'    ),
('2023-09-10 17:25:00', 995.00,'2023-09-10 17:25:00','2023-09-10 17:25:00',16.00, 08.00, '652.399.908-76'    ),
('2023-09-11 09:05:00', 230.00,'2023-09-11 09:05:00','2023-09-11 09:05:00',19.00, 11.00, '423.610.164-21'    ),
('2023-09-12 14:15:00', 185.00,'2023-09-12 14:15:00','2023-09-12 14:15:00',15.00, 07.00, '747.356.117-91'    ),
('2023-09-13 10:30:00', 215.00,'2023-09-13 10:30:00','2023-09-13 10:30:00',18.00, 09.00, '419296600001-29'),
('2023-09-14 08:50:00', 250.00,'2023-09-14 08:50:00','2023-09-14 08:50:00',21.00, 12.00, '515049950001-69'),
('2023-09-15 11:10:00', 600.00,'2023-09-15 11:10:00','2023-09-15 11:10:00',16.00, 08.00, '515049950001-69'),
('2023-09-16 13:50:00', 170.00,'2023-09-16 13:50:00','2023-09-16 13:50:00',12.00, 06.00, '147.391.902-56'    ),
('2023-09-17 15:15:00', 225.00,'2023-09-17 15:15:00','2023-09-17 15:15:00',20.00, 11.00, '171616800001-60'),
('2023-09-18 09:45:00', 290.00,'2023-09-18 09:45:00','2023-09-18 09:45:00',14.00, 07.00, '171616800001-60'),
('2023-09-19 16:35:00', 205.00,'2023-09-19 16:35:00','2023-09-19 16:35:00',17.00, 08.00, '167.576.132-19'    ),
('2023-09-20 12:40:00', 235.00,'2023-09-20 12:40:00','2023-09-20 12:40:00',19.00, 10.00, '251.551.253-88'    ),
('2023-09-21 14:20:00', 180.00,'2023-09-21 14:20:00','2023-09-21 14:20:00',15.00, 07.00, '325.242.975-66'    ),
('2023-09-22 10:05:00', 210.00,'2023-09-22 10:05:00','2023-09-22 10:05:00',18.00, 09.00, '181.225.175-46'    ),
('2023-09-23 08:15:00', 220.00,'2023-09-23 08:15:00','2023-09-23 08:15:00',20.00, 10.00, '689.269.316-10'    ),
('2023-09-24 13:30:00', 195.00,'2023-09-24 13:30:00','2023-09-24 13:30:00',16.00, 08.00, '432.337.868-61'    ),
('2023-09-25 09:55:00', 175.00,'2023-09-25 09:55:00','2023-09-25 09:55:00',13.00, 06.00, '831.621.696-87'    ),
('2023-09-26 11:40:00', 240.00,'2023-09-26 11:40:00','2023-09-26 11:40:00',21.00, 11.00, '980.145.810-64'    ),
('2023-09-27 15:05:00', 225.00,'2023-09-27 15:05:00','2023-09-27 15:05:00',19.00, 10.00, '347.717.266-78'    ),
('2023-09-28 14:00:00', 300.00,'2023-09-28 14:00:00','2023-09-28 14:00:00',17.00, 08.00, '830.932.396-91'    ),
('2023-09-29 12:25:00', 230.00,'2023-09-29 12:25:00','2023-09-29 12:25:00',20.00, 09.00, '770.154.290-79'    ),
('2023-09-30 17:20:00', 260.00,'2023-09-30 17:20:00','2023-09-30 17:20:00',22.00, 12.00, '320.797.915-39'    ),
('2023-10-01 10:35:00', 175.00,'2023-10-01 10:35:00','2023-10-01 10:35:00',15.00, 07.00, '761.732.667-17'    ),
('2023-10-02 08:45:00', 210.00,'2023-10-02 08:45:00','2023-10-02 08:45:00',18.00, 09.00, '890.136.530-17'    ),
('2023-10-03 14:20:00', 185.00,'2023-10-03 14:20:00','2023-10-03 14:20:00',16.00, 08.00, '519072480001-71'),
('2023-10-04 09:15:00', 220.00,'2023-10-04 09:15:00','2023-10-04 09:15:00',19.00, 10.00, '799.579.669-11'    ),
('2023-10-05 16:30:00', 195.00,'2023-10-05 16:30:00','2023-10-05 16:30:00',17.00, 09.00, '953.698.288-19'    ),
('2023-10-06 13:05:00', 170.00,'2023-10-06 13:05:00','2023-10-06 13:05:00',14.00, 07.00, '368.778.738-48'    ),
('2023-10-07 08:50:00', 230.00,'2023-10-07 08:50:00','2023-10-07 08:50:00',21.00, 11.00, '405.196.439-37'    ),
('2023-10-08 12:45:00', 245.00,'2023-10-08 12:45:00','2023-10-08 12:45:00',20.00, 12.00, '208.885.818-66'    ),
('2023-10-09 15:55:00', 200.00,'2023-10-09 15:55:00','2023-10-09 15:55:00',16.00, 08.00, '360.605.467-71'    ),
('2023-10-10 17:40:00', 265.00,'2023-10-10 17:40:00','2023-10-10 17:40:00',22.00, 12.00, '151.731.927-54'    ),
('2023-10-11 09:25:00', 180.00,'2023-10-11 09:25:00','2023-10-11 09:25:00',15.00, 07.00, '450.921.116-90'    ),
('2023-10-12 14:15:00', 215.00,'2023-10-12 14:15:00','2023-10-12 14:15:00',18.00, 09.00, '648.141.202-19'    ),
('2023-10-13 10:20:00', 225.00,'2023-10-13 10:20:00','2023-10-13 10:20:00',19.00, 10.00, '486.300.763-82'    ),
('2023-10-14 08:35:00', 190.00,'2023-10-14 08:35:00','2023-10-14 08:35:00',17.00, 08.00, '421.122.307-98'    ),
('2023-10-15 11:05:00', 250.00,'2023-10-15 11:05:00','2023-10-15 11:05:00',21.00, 11.00, '645.355.993-87'    ),
('2023-10-16 13:45:00', 175.00,'2023-10-16 13:45:00','2023-10-16 13:45:00',14.00, 07.00, '113.850.536-76'    ),
('2023-10-17 15:10:00', 235.00,'2023-10-17 15:10:00','2023-10-17 15:10:00',20.00, 09.00, '398.266.689-99'    ),
('2023-10-18 09:40:00', 195.00,'2023-10-18 09:40:00','2023-10-18 09:40:00',16.00, 08.00, '590.723.606-61'    ),
('2023-10-19 16:15:00', 220.00,'2023-10-19 16:15:00','2023-10-19 16:15:00',17.00, 09.00, '879.400.812-96'    ),
('2023-10-20 12:50:00', 805.00,'2023-10-20 12:50:00','2023-10-20 12:50:00',18.00, 10.00, '779.979.183-56'    );

INSERT INTO itenscompra(compras_idCompra, Produtos_idProduto, valorCompra, quantidade)
VALUES
(01,01,300.00, 01),
(01,02,250.00, 02),
(02,10,200.00, 03),
(03,11,980.00, 04),
(04,21,100.00, 05),
(04,31,120.00, 06),
(05,13,100.00, 07),
(05,14,010.00, 08),
(05,15,050.00, 09),
(05,20,030.00, 10),
(06,01,400.00, 01),
(06,07,070.00, 02),
(07,49,210.00, 03),
(08,44,840.00, 04),
(09,10,175.00, 05),
(10,11,500.00, 06),
(10,13,400.00, 07),
(10,15,095.00, 08),
(11,17,100.00, 09),
(11,33,100.00, 10),
(11,05,015.00, 01),
(11,40,015.00, 02),
(12,19,185.00, 03),
(13,24,215.00, 04),
(14,08,250.00, 05),
(15,01,200.00, 06),
(15,41,400.00, 07),
(16,41,170.00, 08),
(17,21,225.00, 09),
(18,31,290.00, 10),
(19,10,100.00, 01),
(19,20,090.00, 02),
(19,50,015.00, 03),
(20,40,235.00, 04),
(21,30,030.00, 05),
(21,03,050.00, 06),
(21,06,060.00, 07),
(21,47,040.00, 08),
(22,18,200.00, 09),
(22,12,010.00, 10),
(23,01,220.00, 01),
(24,20,195.00, 02),
(25,20,175.00, 03),
(26,50,240.00, 04),
(27,24,200.00, 05),
(27,27,025.00, 06),
(28,22,300.00, 07),
(29,23,230.00, 08),
(30,30,100.00, 09),
(30,31,160.00, 10),
(31,31,175.00, 01),
(32,20,210.00, 02),
(33,33,185.00, 03),
(34,34,100.00, 04),
(34,35,100.00, 05),
(34,44,020.00, 06),
(35,05,195.00, 07),
(36,07,170.00, 08),
(37,08,230.00, 09),
(38,10,245.00, 10),
(39,11,025.00, 01),
(39,12,025.00, 02),
(39,13,025.00, 03),
(39,14,025.00, 04),
(39,15,025.00, 05),
(39,16,025.00, 06),
(39,17,025.00, 07),
(39,18,025.00, 08),
(39,19,025.00, 09),
(40,50,265.00, 10),
(41,48,180.00, 01),
(42,48,050.00, 02),
(42,47,150.00, 03),
(42,19,015.00, 04),
(43,19,050.00, 05),
(43,25,050.00, 06),
(43,06,075.00, 07),
(43,12,025.00, 08),
(43,10,025.00, 09),
(44,12,190.00, 10),
(45,28,250.00, 01),
(46,24,175.00, 02),
(47,20,100.00, 03),
(47,16,100.00, 04),
(47,28,035.00, 05),
(48,09,195.00, 06),
(49,10,220.00, 07),
(50,12,100.00, 08),
(50,20,050.00, 09),
(50,21,175.00, 10),
(50,10,025.00, 01),
(50,13,020.00, 02),
(50,11,080.00, 03),
(50,01,100.00, 04),
(50,05,100.00, 05),
(50,06,100.00, 06),
(50,04,050.00, 07),
(50,15,050.00, 08);

INSERT INTO formapagcompra(tipo, valorpago, compras_idCompra)
VALUES
('RICARDO MARTINS'  , 300.00, 01),
('JULIANA SOARES', 250.00, 01),
('GABRIELA CARVALHO'  , 200.00, 02),
('ANDRE MOURA'  , 200.00, 03),
('ISABELA CASTRO'     , 200.00, 03),
('MATEUS GONCALVES', 380.00, 03),
('LUCAS MENDES'     , 200.00, 03),
('ROBERTO PINHEIRO'  , 200.00, 03),
('JOAO DA SILVA'  , 220.00, 04),
('MARIA OLIVEIRA'     , 100.00, 05),
('PEDRO SANTOS'  , 090.00, 05),
('ANA COSTA', 470.00, 06),
('CARLOS ALMEIDA'  , 010.00, 07),
('FERNANDA LIMA'     , 200.00, 07),
('LUIS PEREIRA'     , 200.00, 08),
('CLAUDIA RAMOS'     , 200.00, 08),
('RICARDO MARTINS'  , 400.00, 08),
('JULIANA SOARES'  , 040.00, 08),
('GABRIELA CARVALHO'  , 175.00, 09),
('ANDRE MOURA'  , 405.00, 10),
('ISABELA CASTRO'  , 590.00, 10),
('MATEUS GONCALVES'  , 230.00, 11),
('LUCAS MENDES'  , 185.00, 12),
('ROBERTO PINHEIRO'     , 215.00, 13),
('JOAO DA SILVA', 250.00, 14),
('MARIA OLIVEIRA', 300.00, 15),
('PEDRO SANTOS'     , 100.00, 15),
('ANA COSTA'  , 200.00, 15),
('CARLOS ALMEIDA'  , 170.00, 16),
('FERNANDA LIMA'  , 225.00, 17),
('LUIS PEREIRA'  , 200.00, 18),
('CLAUDIA RAMOS', 090.00, 18),
('RICARDO MARTINS'  , 200.00, 19),
('JULIANA SOARES'     , 005.00, 19),
('GABRIELA CARVALHO'  , 235.00, 20),
('ANDRE MOURA'     , 090.00, 21),
('ISABELA CASTRO', 090.00, 21),
('MATEUS GONCALVES', 210.00, 22),
('LUCAS MENDES'  , 110.00, 23),
('ROBERTO PINHEIRO'     , 110.00, 23),
('JOAO DA SILVA'  , 195.00, 24),
('MARIA OLIVEIRA'     , 175.00, 25),
('PEDRO SANTOS'     , 120.00, 26),
('ANA COSTA', 120.00, 26),
('CARLOS ALMEIDA'     , 200.00, 27),
('FERNANDA LIMA'  , 025.00, 27),
('LUIS PEREIRA'  , 150.00, 28),
('CLAUDIA RAMOS'  , 150.00, 28),
('RICARDO MARTINS', 100.00, 29),
('JULIANA SOARES'     , 100.00, 29),
('GABRIELA CARVALHO'  , 030.00, 29),
('ANDRE MOURA'  , 260.00, 30),
('ISABELA CASTRO'     , 175.00, 31),
('MATEUS GONCALVES'     , 210.00, 32),
('LUCAS MENDES'     , 100.00, 33),
('ROBERTO PINHEIRO'     , 085.00, 33),
('JOAO DA SILVA'  , 220.00, 34),
('MARIA OLIVEIRA'     , 105.00, 35),
('PEDRO SANTOS', 090.00, 35),
('ANA COSTA'  , 170.00, 36),
('CARLOS ALMEIDA'  , 115.00, 37),
('FERNANDA LIMA'  , 115.00, 37),
('LUIS PEREIRA', 245.00, 38),
('CLAUDIA RAMOS'     , 100.00, 39),
('RICARDO MARTINS'  , 100.00, 39),
('JULIANA SOARES'     , 265.00, 40),
('GABRIELA CARVALHO'  , 180.00, 41),
('ANDRE MOURA'     , 175.00, 42),
('ISABELA CASTRO', 040.00, 42),
('MATEUS GONCALVES'  , 225.00, 43),
('LUCAS MENDES'     , 190.00, 44),
('ROBERTO PINHEIRO'     , 250.00, 45),
('JOAO DA SILVA'     , 175.00, 46),
('MARIA OLIVEIRA'     , 235.00, 47),
('PEDRO SANTOS'     , 195.00, 48),
('ANA COSTA'     , 220.00, 49),
('CARLOS ALMEIDA'     , 805.00, 50);

INSERT INTO telefone(numero, empregado_cpf, departamento_idDepartamento, fornecedor_cpf_cnpj)
VALUES
('99999-9990','897.671.741-56',NULL,NULL),
('99999-9991', '600.505.686-73',1,NULL),
('99999-9992',NULL,2,NULL),
('99999-9993',NULL,3,NULL),
('99999-9994',NULL,NULL,'199.512.578-90'    ),
('99999-9995',NULL,NULL,'607.152.693-16'    ),
('99999-9996',NULL,NULL,'519.337.123-53'    ),
('99999-9997',NULL,NULL,'419296600001-29'),
('99999-9998','896.116.334-85',NULL,NULL);

-- Relatório 1 
SELECT e.nome AS Nome_Empregado, e.cpf AS CPF_Empregado, e.data_admissao, e.salario,  
d.nome AS Departamento, e.num_telefone AS Numero_Telefone 
FROM empregado e 
JOIN departamento d ON e.departamento_id = d.id 
WHERE e.data_admissao BETWEEN '2019-01-01'FERNANDA LIMA'2022-03-31' 
ORDER BY e.data_admissao DESC; 
-- Relatório 2 
SELECT e.nome AS Nome_Empregado, e.cpf AS CPF_Empregado, e.data_admissao, e.salario,  
d.nome AS Departamento, e.num_telefone AS Numero_Telefone 
FROM empregado e 
JOIN departamento d ON e.departamento_id = d.id 
WHERE e.salario < (SELECT AVG(salario) FROM empregado) 
ORDER BY e.nome; 
-- Relatório 3 
SELECT d.nome AS Departamento, COUNT(e.id) AS Quantidade_Empregados,  
AVG(e.salario) AS Media_Salarial, AVG(e.comissao) AS Media_Comissao 
FROM departamento d 
JOIN empregado e ON e.departamento_id = d.id 
GROUP BY d.nome 
ORDER BY d.nome; 
-- Relatório 4 
SELECT e.nome AS Nome_Empregado, e.cpf AS CPF_Empregado, e.sexo, e.salario,  
COUNT(v.id) AS Quantidade_Vendas, SUM(v.valor_total) AS Total_Valor_Vendido,  
SUM(v.comissao) AS Total_Comissao 
FROM empregado e 
JOIN venda v ON e.id = v.empregado_id 
GROUP BY e.nome, e.cpf, e.sexo, e.salario 
ORDER BY Quantidade_Vendas DESC; 
-- Relatório 5 
SELECT e.nome AS Nome_Empregado, e.cpf AS CPF_Empregado, e.sexo, e.salario,  
COUNT(v.id) AS Quantidade_Vendas_com_Servico,  
SUM(s.valor) AS Total_Valor_Vendido_com_Servico,  
SUM(v.comissao) AS Total_Comissao_com_Servico 
FROM empregado e 
JOIN venda v ON e.id = v.empregado_id 
JOIN servico_venda sv ON v.id = sv.venda_id 
JOIN servico s ON sv.servico_id = s.id 
GROUP BY e.nome, e.cpf, e.sexo, e.salario 
ORDER BY Quantidade_Vendas_com_Servico DESC; 
-- Relatório 6 
SELECT p.nome AS Nome_Pet, s.data_servico, s.nome AS Nome_Servico, sv.quantidade,  
sv.valor, e.nome AS Empregado_Realizador 
FROM pet p 
JOIN servico_venda sv ON p.id = sv.pet_id 
JOIN servico s ON sv.servico_id = s.id 
JOIN empregado e ON sv.empregado_id = e.id 
ORDER BY s.data_servico DESC; 
-- Relatório 7 
SELECT v.data_venda, v.valor, v.desconto, (v.valor - v.desconto) AS Valor_Final,  
e.nome AS Empregado_Realizador 
FROM venda v 
JOIN cliente c ON v.cliente_id = c.id 
JOIN empregado e ON v.empregado_id = e.id 
ORDER BY v.data_venda DESC; -- Relatório 8 
SELECT s.nome AS Nome_Servico, COUNT(sv.id) AS Quantidade_Vendas, SUM(sv.valor) AS 
Total_Valor_Vendido 
FROM servico s 
JOIN servico_venda sv ON s.id = sv.servico_id 
GROUP BY s.nome 
ORDER BY Quantidade_Vendas DESC 
LIMIT 10; 
-- Relatório 9 
SELECT f.tipo_pagamento, COUNT(v.id) AS Quantidade_Vendas, SUM(v.valor) AS 
Total_Valor_Vendido 
FROM venda v 
JOIN forma_pagamento f ON v.forma_pagamento_id = f.id 
GROUP BY f.tipo_pagamento 
ORDER BY Quantidade_Vendas DESC; 
-- Relatório 10 
SELECT v.data_venda, COUNT(v.id) AS Quantidade_Vendas, SUM(v.valor) AS 
Valor_Total_Venda 
FROM venda v 
GROUP BY v.data_venda 
ORDER BY v.data_venda DESC; 
-- Relatório 11 
SELECT p.nome AS Nome_Produto, p.valor AS Valor_Produto, p.categoria,  
f.nome AS Nome_Fornecedor, f.email AS Email_Fornecedor, f.telefone AS 
Telefone_Fornecedor 
FROM produto p 
JOIN fornecedor f ON p.fornecedor_id = f.id 
ORDER BY p.nome; 
-- Relatório 12 
SELECT p.nome AS Nome_Produto, COUNT(vp.id) AS Quantidade_Total_Vendas,  
SUM(vp.valor_vendido) AS Valor_Total_Recebido 
FROM produto p 
JOIN venda_produto vp ON p.id = vp.produto_id 
GROUP BY p.nome 
ORDER BY Quantidade_Total_Vendas DESC;
                                             
                                         
